Team,Player,Event,Mins,Secs,X,Y,X2,Y2
SITAS,2     ,Pase,27,5,11,70,28,21
SITAS,4,Pase,27,7,27,17,29,47
SITAS,10,Pase,27,8,31,49,29,91
SITAS,2     ,Pase,27,10,22,94,61,62
SITAS,11,Pase,27,12,62,69,51,49
SITAS,10,Pase,27,14,54,49,76,28
SITAS,7,Pase,27,15,73,22,55,20
SITAS,10,Perdida,27,18,46,12,-,-
GEVP,12,Recupero,27,18,57,86,-,-
GEVP,12,Pase,27,18,55,80,35,93
GEVP,11,Pase,27,21,31,89,15,62
GEVP,5,Perdida,27,25,17,68,-,-
SITAS,2     ,Pase,27,27,2,66,20,76
SITAS,11,Pase,27,31,21,77,29,13
SITAS,4,Pase,27,32,27,15,62,11
SITAS,7,Pase,27,34,62,13,54,42
SITAS,10,Pase,27,35,55,40,67,10
SITAS,11,Perdida,27,37,63,11,-,-
GEVP,5,Recupero,27,37,62,33,-,-
GEVP,5,Pase,27,39,52,34,32,13
GEVP,11,Pase,27,40,36,14,22,30
GEVP,5,Pase,27,42,13,14,33,15
GEVP,2,Pase,27,44,32,8,22,33
GEVP,8,Pase,27,45,23,37,7,7
GEVP,5,Gol,27,47,7,13,-,-
SITAS,4,Pase,27,51,8,63,21,19
SITAS,2     ,Pase,27,52,20,19,22,55
SITAS,4,Pase,27,56,24,56,32,21
SITAS,2     ,Pase,27,57,30,14,54,50
SITAS,11,Pase,27,59,55,50,65,87
SITAS,7,Pase,28,0,63,87,62,26
SITAS,11,Perdida,28,4,80,44,-,-
GEVP,12,Pase,28,5,80,48,57,10
GEVP,5,Pase,28,8,54,7,36,6
GEVP,11,Pase,28,12,33,7,48,8
GEVP,5,Pase,28,12,48,13,18,5
GEVP,8,Pase,28,14,19,5,19,33
GEVP,8,Gol,28,14,19,36,-,-
SITAS,4,Pase,28,19,16,38,15,78
SITAS,2     ,Pase,28,21,12,75,27,40
SITAS,4,Pase,28,23,26,43,54,9
SITAS,11,Pase,28,25,42,15,94,81
SITAS,10,Errado,28,28,95,83,-,-
GEVP,6,reb_def,28,30,82,42,-,-
GEVP,6,Perdida,28,30,82,43,-,-
SITAS,7,Recupero,28,30,82,48,-,-
SITAS,7,Pase,28,33,76,55,83,92
SITAS,11,Pase,28,31,80,59,69,47
SITAS,11,Pase,28,32,71,52,85,80
SITAS,7,Pase,28,34,86,85,48,65
SITAS,10,Pase,28,36,52,61,61,20
SITAS,6,Pase,28,37,57,14,80,27
SITAS,11,Perdida,28,41,81,27,-,-
GEVP,5,Recupero,28,41,90,75,-,-
GEVP,5,Pase,28,43,92,81,92,40
GEVP,6,Pase,28,45,92,32,64,11
GEVP,8,Pase,28,46,66,14,29,10
GEVP,2,Pase,28,50,29,9,29,86
GEVP,12,Gol,28,52,26,81,-,-
SITAS,4,Pase,28,55,10,62,28,11
SITAS,7,Pase,28,56,28,12,61,8
SITAS,10,Pase,28,58,61,9,90,23
SITAS,6,Pase,29,0,90,20,83,37
SITAS,11,Pase,29,2,81,31,69,7
SITAS,6,Pase,29,4,68,7,57,39
SITAS,7,Pase,29,6,56,33,70,7
SITAS,6,Pase,29,7,70,8,78,37
SITAS,10,Errado,29,10,85,42,-,-
GEVP,6,reb_def,29,11,81,55,-,-
GEVP,6,Pase,29,13,77,56,85,91
GEVP,5,Pase,29,15,87,91,42,94
GEVP,11,Pase,29,17,43,82,19,89
GEVP,2,Pase,29,18,21,84,45,87
GEVP,5,Pase,29,21,42,85,24,92
GEVP,8,Pase,29,23,28,92,46,51
GEVP,11,Pase,29,24,46,55,32,10
GEVP,12,Gol,29,27,32,10,-,-
SITAS,4,Pase,29,31,10,59,32,8
SITAS,7,Pase,29,33,26,10,59,8
SITAS,10,Pase,29,35,59,7,81,76
SITAS,2     ,Errado,29,37,80,70,-,-
SITAS,11,reb_of,29,38,85,46,-,-
SITAS,11,Gol,29,38,87,46,-,-
GEVP,12,Pase,29,43,87,44,68,46
GEVP,6,Perdida,29,47,67,35,-,-
SITAS,2     ,Recupero,29,49,44,7,-,-
SITAS,2     ,Pase,29,49,41,8,67,10
SITAS,6,Pase,29,50,67,8,64,35
SITAS,10,Pase,30,0,99,49,78,12
SITAS,7,Pase,30,1,72,11,84,38
SITAS,11,Gol,30,4,85,41,-,-
GEVP,12,Pase,30,4,87,43,66,29
GEVP,11,Pase,30,7,63,27,79,63
GEVP,12,Pase,30,8,78,56,71,95
GEVP,6,Pase,30,10,71,94,28,84
GEVP,2,Pase,30,12,30,85,22,51
GEVP,11,Errado,30,14,26,54,-,-
SITAS,10,reb_def,30,14,11,54,-,-
SITAS,10,Pase,30,15,20,58,22,85
SITAS,2     ,Pase,30,17,24,90,37,73
SITAS,10,Pase,30,18,43,68,69,91
SITAS,11,Pase,30,20,71,91,55,32
SITAS,7,Pase,30,22,55,38,80,17
SITAS,7,Gol,30,24,78,14,-,-
GEVP,12,Pase,30,27,87,50,77,17
GEVP,5,Pase,30,28,79,14,84,49
GEVP,12,Pase,30,29,82,45,69,11
GEVP,5,Pase,30,32,68,11,37,9
GEVP,8,Pase,30,34,52,6,42,22
GEVP,5,Pase,30,36,40,19,20,43
GEVP,2,Errado,30,37,21,39,-,-
SITAS,2     ,reb_def,30,40,10,56,-,-
SITAS,2     ,Pase,30,43,10,59,39,95
SITAS,10,Pase,30,46,61,94,43,53
SITAS,7,Pase,30,49,46,41,31,87
SITAS,2     ,Pase,30,50,38,88,62,81
SITAS,11,Pase,30,51,69,86,50,47
SITAS,7,Pase,30,53,55,49,65,18
SITAS,6,Pase,30,54,63,14,78,30
SITAS,10,Errado,30,56,84,36,-,-
GEVP,11,reb_def,30,58,81,54,-,-
GEVP,11,Pase,30,59,82,56,55,85
GEVP,8,Errado,31,0,38,68,-,-
GEVP,8,reb_of,31,2,19,56,-,-
GEVP,8,Pase,31,2,14,56,15,19
GEVP,5,Pase,31,4,15,16,2,42
GEVP,8,Pase,31,7,3,33,10,13
GEVP,5,Errado,31,9,14,22,-,-
SITAS,10,Foul,31,13,16,65,-,-
GEVP,8,Pase,31,16,17,64,25,43
GEVP,2,Gol,31,18,22,44,-,-
SITAS,10,Pase,31,21,16,50,24,22
SITAS,2     ,Pase,31,22,24,21,21,50
SITAS,10,Pase,31,24,23,49,31,86
SITAS,4,Pase,31,25,30,90,71,91
SITAS,7,Pase,31,27,66,90,54,66
SITAS,10,Pase,31,29,58,79,54,29
SITAS,6,Pase,31,30,55,28,74,16
SITAS,11,Pase,31,33,73,15,88,82
SITAS,11,Errado,31,35,87,79,-,-
SITAS,11,Foul,31,37,83,38,-,-
GEVP,12,reb_def,31,37,83,38,-,-
GEVP,12,Pase,31,38,83,37,62,7
GEVP,5,Pase,31,41,62,5,41,89
GEVP,12,Pase,31,42,40,85,10,94
GEVP,8,Pase,31,45,17,93,37,75
GEVP,11,Pase,31,46,40,85,53,39
GEVP,5,Pase,31,48,53,37,41,89
GEVP,2,Pase,31,50,50,94,46,28
GEVP,5,Pase,31,52,41,26,39,83
GEVP,12,Pase,31,53,44,82,25,40
SITAS,2     ,Foul,31,55,10,53,-,-
GEVP,5,Pase,32,2,10,58,27,87
GEVP,8,Pase,32,5,27,92,34,28
GEVP,12,Pase,32,7,37,29,21,50
GEVP,5,Gol,32,11,23,61,-,-
SITAS,2     ,Pase,32,11,11,45,29,16
SITAS,10,Pase,32,14,23,7,47,44
SITAS,4,Perdida,32,17,47,51,-,-
GEVP,6,Pase,32,24,99,65,90,42
GEVP,12,Pase,32,26,96,43,74,96
GEVP,5,Pase,32,27,73,93,75,78
GEVP,6,Pase,32,28,75,79,52,93
GEVP,5,Pase,32,31,42,92,2,92
GEVP,2,Pase,32,33,3,90,3,65
GEVP,8,Pase,32,34,4,62,17,95
GEVP,5,Pase,32,37,10,95,33,70
GEVP,2,Pase,32,40,34,77,26,9
GEVP,8,Pase,32,41,26,7,14,13
GEVP,5,Pase,32,42,16,14,41,12
SITAS,4,Foul,32,48,11,45,-,-
GEVP,8,Pase,32,58,7,53,14,32
GEVP,5,Pase,33,0,13,32,2,48
GEVP,8,Gol,33,1,2,49,-,-
SITAS,4,Pase,33,4,11,49,19,23
SITAS,2     ,Pase,33,21,19,22,30,85
SITAS,4,Pase,33,22,33,81,41,49
SITAS,11,Pase,33,25,46,49,63,8
SITAS,7,sub_out,33,24,1,4,-,-
SITAS,15,sub_in,33,24,1,8,-,-
SITAS,10,Pase,33,27,56,8,88,13
SITAS,6,Pase,33,28,91,6,86,36
GEVP,12,Foul,33,31,86,37,-,-
SITAS,10,Pase,33,38,86,35,94,63
SITAS,6,Errado,33,41,95,56,-,-
GEVP,12,Foul,33,41,87,36,-,-
SITAS,6,Foul,33,50,74,44,-,-
GEVP,6,Pase,33,53,74,50,62,95
GEVP,12,Pase,33,56,46,95,21,61
GEVP,2,Errado,33,58,17,64,-,-
SITAS,15,reb_def,33,58,14,58,-,-
SITAS,15,Pase,34,0,23,58,13,20
SITAS,10,Pase,34,2,13,22,33,14
SITAS,4,Pase,34,5,30,10,23,32
SITAS,10,Pase,34,6,24,32,24,89
SITAS,2     ,Pase,34,8,23,94,46,8
SITAS,4,Pase,34,9,46,6,71,10
SITAS,12,Pase,34,10,72,10,59,46
SITAS,11,Pase,34,12,60,47,78,46
SITAS,11,Gol,34,16,78,42,-,-
GEVP,8,Pase,34,19,85,51,82,90
GEVP,12,Pase,34,20,82,89,79,47
GEVP,8,Pase,34,22,77,44,54,95
GEVP,6,Pase,34,24,50,99,10,84
SITAS,10,Foul,34,26,19,60,-,-
GEVP,8,Pase,34,32,18,92,25,50
GEVP,5,Pase,34,35,26,50,14,11
GEVP,8,Pase,34,38,17,14,31,7
GEVP,2,Pase,34,40,31,5,18,37
GEVP,11,Pase,34,42,21,30,4,74
GEVP,8,Gol,34,44,4,86,-,-
SITAS,4,Pase,34,46,5,61,43,9
SITAS,10,Pase,34,47,44,9,76,9
SITAS,6,Pase,34,49,76,11,57,11
SITAS,10,Pase,34,51,55,12,77,44
SITAS,10,Errado,34,53,72,39,-,-
GEVP,6,reb_def,34,54,86,60,-,-
GEVP,6,Pase,34,54,87,60,74,87
GEVP,8,Pase,34,56,72,89,37,89
GEVP,12,Pase,34,58,37,88,19,91
GEVP,2,Pase,34,59,20,92,53,7
GEVP,5,Pase,35,1,46,9,15,14
GEVP,12,Pase,35,5,20,7,45,18
GEVP,2,Pase,35,8,47,11,14,68
GEVP,12,Pase,35,11,15,75,25,34
GEVP,5,Pase,35,15,25,29,16,43
GEVP,5,Errado,35,14,19,36,-,-
GEVP,11,reb_of,35,16,16,61,-,-
GEVP,11,Pase,35,20,14,67,47,54
GEVP,5,Pase,35,22,42,48,2,64
GEVP,12,Pase,35,23,3,66,24,77
GEVP,5,Errado,35,26,28,84,-,-
GEVP,11,reb_of,35,27,11,42,-,-
GEVP,11,Gol,35,28,9,37,-,-
SITAS,4,Pase,35,31,14,39,33,32
SITAS,11,Pase,35,33,34,34,50,57
SITAS,10,Pase,35,35,55,51,78,85
SITAS,6,Pase,35,37,80,88,73,54
SITAS,15,Pase,35,38,70,68,59,31
SITAS,10,Perdida,35,42,60,36,-,-
SITAS,6,Pase,35,48,65,41,23,48
GEVP,5,Pase,35,50,24,48,9,26
GEVP,8,Pase,35,52,9,26,31,36
GEVP,5,Errado,35,54,31,34,-,-
SITAS,4,reb_def,35,55,11,58,-,-
SITAS,4,Pase,35,55,11,56,23,78
SITAS,2     ,Pase,35,57,20,91,38,57
SITAS,10,Pase,35,59,41,53,65,89
SITAS,2     ,Errado,36,1,71,81,-,-
GEVP,12,reb_def,36,5,85,45,-,-
GEVP,12,Pase,36,5,85,40,70,9
GEVP,5,Pase,36,7,72,9,32,15
GEVP,2,Pase,36,9,26,10,55,10
GEVP,5,Pase,36,11,56,11,69,23
GEVP,12,Pase,36,14,70,19,77,79
GEVP,6,Pase,36,14,74,79,59,95
GEVP,8,Pase,36,15,58,94,68,69
GEVP,6,Pase,36,16,74,71,37,91
GEVP,8,Pase,36,18,40,84,24,46
GEVP,5,Pase,36,19,25,49,31,91
GEVP,2,Pase,36,22,31,89,12,94
GEVP,8,Pase,36,25,20,92,40,13
GEVP,12,Pase,36,26,39,12,36,50
GEVP,11,Errado,36,29,39,34,-,-
GEVP,2,reb_of,36,31,11,53,-,-
GEVP,2,Gol,36,31,12,54,-,-
SITAS,4,minuto,36,35,1,10,-,-
SITAS,6,sub_out,36,44,1,8,-,-
SITAS,7,sub_in,36,48,1,9,-,-
SITAS,2     ,Pase,37,56,6,71,24,16
SITAS,4,Pase,37,58,25,13,28,72
SITAS,2     ,Pase,38,0,27,76,38,17
SITAS,4,Pase,38,2,33,17,58,12
SITAS,11,Pase,38,3,58,8,65,69
SITAS,7,Pase,38,6,62,72,79,85
SITAS,15,Pase,38,8,77,82,69,59
SITAS,11,Pase,38,14,71,59,87,61
SITAS,7,Pase,38,14,89,59,83,24
SITAS,15,Gol,38,16,83,20,-,-
GEVP,12,Pase,38,19,92,44,80,95
GEVP,5,Pase,38,21,75,91,31,91
GEVP,2,Pase,38,23,34,93,52,7
GEVP,6,Pase,38,25,56,7,35,4
GEVP,5,Pase,38,27,39,8,13,13
GEVP,11,Pase,38,30,13,10,21,78
GEVP,2,Gol,38,32,23,79,-,-
GEVP,4,Pase,38,37,9,41,56,15
SITAS,7,Pase,38,39,58,21,80,29
SITAS,10,Pase,38,41,80,27,76,44
SITAS,11,Errado,38,43,76,37,-,-
GEVP,2,reb_def,38,43,86,64,-,-
GEVP,2,Pase,38,44,88,58,63,90
GEVP,12,Pase,38,46,60,82,63,19
GEVP,6,Pase,38,47,64,21,41,7
GEVP,11,Pase,38,50,42,9,46,50
GEVP,8,Pase,38,52,45,51,37,15
GEVP,11,Pase,38,54,41,15,46,49
GEVP,5,Pase,38,56,47,47,21,61
GEVP,2,Gol,38,58,25,59,-,-
SITAS,4,Pase,39,2,10,58,20,93
SITAS,2     ,Pase,39,4,24,97,25,50
SITAS,4,Pase,39,7,23,53,44,12
SITAS,7,Pase,39,9,46,10,29,30
SITAS,10,Pase,39,11,32,29,63,30
SITAS,11,Pase,39,13,64,31,87,87
SITAS,2     ,Pase,39,13,89,88,84,61
SITAS,7,Perdida,39,17,84,61,-,-
GEVP,12,Recupero,39,17,85,61,-,-
GEVP,12,Pase,39,18,91,84,67,21
GEVP,5,Pase,39,18,68,19,55,89
GEVP,8,Pase,39,20,47,85,32,25
GEVP,5,Errado,39,22,18,38,-,-
GEVP,5,Foul,39,24,16,40,-,-
SITAS,4,Pase,39,30,24,40,56,7
SITAS,15,Pase,39,32,55,8,81,17
SITAS,11,Pase,39,33,80,12,88,60
SITAS,7,Pase,39,36,97,56,62,74
SITAS,15,Pase,39,39,61,69,77,92
SITAS,10,Pase,39,39,78,92,85,65
SITAS,7,Errado,39,41,81,61,-,-
GEVP,2,reb_def,39,41,87,43,-,-
GEVP,2,Pase,39,43,87,39,75,15
GEVP,6,Pase,39,45,73,7,72,48
GEVP,2,Pase,39,46,71,37,33,88
GEVP,8,Pase,39,49,32,81,55,48
GEVP,2,Pase,39,51,57,46,19,92
GEVP,11,Pase,39,53,19,93,43,95
GEVP,8,Pase,39,54,43,93,21,95
GEVP,11,Pase,39,56,24,94,9,44
GEVP,2,Gol,39,58,8,46,-,-
SITAS,4,Pase,40,3,10,42,27,19
SITAS,11,Pase,40,4,23,13,50,4
SITAS,7,Pase,40,7,48,5,57,33
SITAS,11,Pase,40,9,57,29,89,64
SITAS,2     ,Gol,40,11,89,54,-,-
GEVP,11,Pase,40,16,90,51,74,69
GEVP,6,Pase,40,17,75,79,79,44
GEVP,11,Pase,40,19,74,44,71,8
GEVP,12,Pase,40,20,71,8,55,29
GEVP,11,Pase,40,21,47,13,32,88
GEVP,8,Pase,40,23,35,86,48,50
GEVP,11,Pase,40,24,48,40,37,9
GEVP,2,Pase,40,26,44,10,8,48
GEVP,8,Pase,40,28,8,44,11,65
GEVP,11,Gol,40,30,7,67,-,-
SITAS,4,Pase,40,33,13,57,16,93
SITAS,2     ,Pase,40,35,17,95,29,58
SITAS,4,Pase,40,36,27,60,58,64
SITAS,10,Pase,40,37,59,67,60,10
GEVP,12,Foul,40,42,79,50,-,-
SITAS,10,Pase,40,53,79,51,94,47
SITAS,7,Errado,40,55,94,47,-,-
GEVP,8,reb_def,40,57,72,49,-,-
GEVP,8,Pase,40,57,69,52,75,20
GEVP,12,Pase,40,59,76,12,57,31
GEVP,8,Pase,41,2,54,26,21,37
GEVP,2,Gol,41,4,20,45,-,-
SITAS,4,Pase,41,7,14,63,30,14
SITAS,2,Pase,41,10,29,9,64,46
SITAS,11,Pase,41,11,67,32,58,86
SITAS,10,Gol,41,13,65,83,-,-
GEVP,8,Pase,41,15,87,48,66,15
GEVP,12,Pase,41,17,69,18,74,63
GEVP,8,Pase,41,20,75,61,70,14
GEVP,12,Pase,41,22,70,13,52,7
GEVP,11,Pase,41,25,54,9,69,84
GEVP,6,Pase,41,27,73,86,39,91
GEVP,8,Pase,41,28,31,93,63,90
GEVP,6,Pase,41,30,53,93,43,46
GEVP,11,Pase,41,32,50,49,23,10
GEVP,5,Pase,41,34,25,16,3,15
SITAS,10,Foul,41,36,19,35,-,-
GEVP,5,Pase,41,41,2,26,2,53
GEVP,8,Errado,41,44,10,49,-,-
SITAS,2,reb_def,41,47,11,49,-,-
SITAS,2,Pase,41,49,12,48,22,81
SITAS,4,Pase,41,51,23,82,34,53
SITAS,2,Pase,41,54,31,51,51,85
SITAS,11,Pase,41,55,59,78,45,24
SITAS,15,Pase,41,57,46,26,64,86
SITAS,2,Gol,41,58,72,80,-,-
GEVP,12,Pase,42,1,85,50,75,66
GEVP,6,Pase,42,3,76,59,72,90
GEVP,11,Pase,42,6,57,89,28,92
GEVP,8,Pase,42,7,26,97,43,87
GEVP,11,Pase,42,9,38,90,32,9
GEVP,5,Pase,42,11,32,10,9,21
GEVP,8,Perdida,42,15,8,14,-,-
SITAS,4,Pase,42,18,9,16,19,7
SITAS,7,Pase,42,19,19,7,46,18
SITAS,11,Pase,42,21,52,19,79,21
SITAS,15,Perdida,42,23,80,20,-,-
GEVP,2,Recupero,42,23,80,21,-,-
GEVP,2,Pase,42,24,82,13,34,13
GEVP,8,Pase,42,25,31,12,21,47
GEVP,5,Errado,42,28,20,46,-,-
SITAS,11,reb_def,42,29,18,46,-,-
SITAS,11,Pase,42,30,18,43,25,78
SITAS,2,Pase,42,31,24,76,57,94
SITAS,10,Pase,42,33,57,92,74,71
SITAS,15,Pase,42,34,73,72,57,94
SITAS,7,Pase,42,36,61,91,51,51
SITAS,15,Pase,42,37,52,49,62,20
SITAS,11,Pase,42,41,61,22,61,87
SITAS,7,Pase,42,43,59,93,70,16
SITAS,15,Pase,42,44,73,19,54,21
SITAS,10,Pase,42,46,55,20,56,56
SITAS,7,Pase,42,48,56,54,86,36
SITAS,11,Gol,42,50,86,41,-,-
GEVP,12,Pase,42,53,86,40,69,7
GEVP,8,Pase,42,56,70,6,72,51
GEVP,12,Pase,42,57,72,50,81,88
GEVP,6,Pase,42,59,81,89,67,97
GEVP,11,Pase,43,1,69,94,25,96
GEVP,2,Pase,43,4,26,97,7,27
GEVP,8,Pase,43,4,11,22,10,51
GEVP,11,Errado,43,7,10,46,-,-
GEVP,2,reb_of,43,7,17,49,-,-
GEVP,2,Gol,43,9,29,45,-,-
SITAS,2,Pase,43,12,13,52,14,82
SITAS,15,Pase,43,15,14,85,19,62
SITAS,4,sub_out,43,13,1,13,-,-
SITAS,9,sub_in,43,13,1,14,-,-
SITAS,2,Pase,43,16,20,64,25,20
SITAS,9,Pase,43,18,25,15,54,8
SITAS,10,Pase,43,22,55,6,53,48
SITAS,-,Zona,43,21,50,49,-,-
SITAS,15,Foul,43,33,28,49,-,-
GEVP,8,Pase,43,37,30,50,19,63
GEVP,5,Pase,43,38,21,72,37,48
GEVP,8,Gol,43,40,37,48,-,-
SITAS,2,Pase,43,45,11,54,17,91
SITAS,15,Pase,43,47,18,94,44,50
SITAS,11,Pase,43,49,49,54,73,82
SITAS,7,Pase,43,49,74,82,62,59
SITAS,11,Errado,43,52,66,62,-,-
SITAS,7,reb_of,43,52,80,36,-,-
SITAS,7,Pase,43,54,80,22,65,33
SITAS,11,Pase,43,56,66,34,81,40
SITAS,10,Errado,43,57,79,27,-,-
GEVP,5,reb_def,44,1,83,62,-,-
GEVP,5,Pase,44,1,85,64,65,52
GEVP,6,Pase,44,1,66,53,47,94
GEVP,8,Pase,44,4,45,94,49,53
GEVP,5,Pase,44,7,46,48,25,7
GEVP,12,Pase,44,8,24,7,4,12
GEVP,2,Pase,44,12,8,12,14,77
GEVP,12,Pase,44,13,14,72,14,53
GEVP,2,Pase,44,14,12,54,2,36
GEVP,5,Errado,44,17,4,41,-,-
SITAS,10,reb_def,44,18,17,38,-,-
SITAS,10,Pase,44,19,21,36,30,64
SITAS,9,Pase,44,20,30,64,35,35
SITAS,10,Pase,44,22,42,30,54,6
SITAS,7,Pase,44,23,56,9,76,35
SITAS,11,Gol,44,25,84,36,-,-
GEVP,12,Pase,44,29,86,48,80,94
GEVP,6,Pase,44,31,79,94,81,79
GEVP,8,Pase,44,33,86,79,71,18
GEVP,12,Pase,44,36,71,21,84,95
GEVP,6,Pase,44,39,80,96,68,71
GEVP,8,Pase,44,40,70,71,55,8
GEVP,12,sub_out,44,40,99,16,-,-
GEVP,10,sub_in,44,43,99,14,-,-
GEVP,2,Pase,44,41,54,7,69,18
GEVP,10,Pase,44,44,70,22,50,22
GEVP,8,Pase,44,46,49,22,9,28
SITAS,15,Foul,44,50,9,30,-,-
GEVP,11,Gol,44,50,9,30,-,-
SITAS,7,Pase,44,53,9,59,20,84
SITAS,9,Pase,44,55,21,91,24,55
SITAS,7,Pase,44,57,26,59,37,11
SITAS,2,Pase,44,58,36,10,60,47
SITAS,11,Pase,45,0,56,46,87,24
SITAS,10,Gol,45,2,86,23,-,-
GEVP,10,Pase,45,4,86,42,84,87
GEVP,5,Pase,45,5,86,93,57,94
GEVP,8,Pase,45,8,58,94,35,93
GEVP,11,Pase,45,11,36,92,66,74
GEVP,10,Pase,45,12,67,77,57,6
GEVP,6,Pase,45,15,59,9,40,8
GEVP,8,Pase,45,16,39,8,14,22
SITAS,9,Foul,45,21,14,22,-,-
GEVP,8,Pase,45,25,15,21,33,21
GEVP,2,Pase,45,27,31,15,27,42
GEVP,11,Gol,45,29,27,37,-,-
SITAS,15,Pase,45,32,11,50,17,85
SITAS,7,Pase,45,34,18,85,58,91
GEVP,6,Foul,45,38,78,52,-,-
SITAS,10,Pase,45,44,76,49,89,61
SITAS,11,Perdida,45,44,89,62,-,-
GEVP,6,Pase,45,47,79,52,68,17
GEVP,5,Pase,45,49,68,15,70,46
GEVP,10,Pase,45,50,70,44,63,11
GEVP,5,Pase,45,53,62,12,42,80
GEVP,6,Pase,45,54,42,82,13,59
GEVP,2,Pase,45,58,8,74,24,92
GEVP,8,Pase,46,0,24,94,10,94
GEVP,6,Pase,46,1,10,96,42,75
GEVP,11,Pase,46,3,44,78,41,10
GEVP,10,Pase,46,4,41,10,14,8
GEVP,8,Pase,46,6,14,7,9,37
GEVP,2,Pase,46,7,9,39,27,15
GEVP,6,Errado,46,9,26,18,-,-
SITAS,2,reb_def,46,10,13,43,-,-
SITAS,2,Pase,46,11,10,37,28,61
SITAS,9,Pase,46,13,28,63,47,16
GEVP,5,Foul,46,16,82,41,-,-
SITAS,11,Pase,46,18,81,40,90,35
SITAS,10,Pase,46,18,91,33,89,61
SITAS,11,Gol,46,18,86,56,-,-
GEVP,5,Pase,46,22,87,46,73,48
GEVP,6,Pase,46,24,74,48,81,87
GEVP,5,Pase,46,26,83,93,63,49
GEVP,6,Pase,46,28,62,48,27,8
GEVP,2,Pase,46,31,28,8,36,72
GEVP,5,Pase,46,33,38,67,16,89
SITAS,2,Perdida,46,39,39,86,-,-
SITAS,10,Pase,46,46,65,76,54,47
SITAS,7,Pase,46,48,54,47,81,51
SITAS,7,Gol,46,50,78,45,-,-
GEVP,6,Pase,46,52,85,46,69,78
GEVP,2,Pase,46,53,70,74,33,93
GEVP,5,Pase,46,55,35,96,11,60
GEVP,8,Pase,46,59,17,84,17,57
GEVP,5,Pase,47,1,15,59,38,89
GEVP,2,Pase,47,3,39,92,19,48
GEVP,11,Gol,47,5,25,49,-,-
SITAS,9,Pase,47,7,12,49,22,19
SITAS,2,Pase,47,10,23,19,53,27
SITAS,11,Pase,47,13,53,27,55,69
SITAS,7,Pase,47,14,55,69,57,22
SITAS,10,Pase,47,16,57,24,78,44
SITAS,11,Gol,47,18,79,53,-,-
GEVP,6,Pase,47,21,86,52,35,87
GEVP,8,Pase,47,21,32,70,12,82
GEVP,2,Pase,47,24,18,84,-,-
SITAS,7,Pase,47,26,14,51,19,90
SITAS,2,Pase,47,29,22,93,43,49
SITAS,9,Pase,47,31,43,50,74,70
SITAS,10,Perdida,47,33,75,73,-,-
GEVP,5,Recupero,47,35,76,71,-,-
GEVP,5,Pase,47,34,77,71,63,49
GEVP,2,Pase,47,35,66,48,59,92
GEVP,6,Pase,47,37,59,91,73,83
GEVP,5,Pase,47,39,75,85,63,9
GEVP,10,Pase,47,40,65,12,35,9
GEVP,2,Pase,47,41,37,12,12,20
GEVP,11,Pase,47,42,11,21,17,40
GEVP,2,Pase,47,44,19,35,7,67
GEVP,5,Gol,47,46,12,75,-,-
SITAS,9,Pase,47,51,11,49,23,91
SITAS,7,Pase,47,53,22,90,50,50
SITAS,11,Pase,47,55,51,48,81,80
SITAS,-,Zona,48,0,51,50,-,-
SITAS,15,sub_out,48,1,1,8,-,-
SITAS,1,sub_in,48,1,0,10,-,-
GEVP,6,Pase,48,10,51,49,34,12
GEVP,5,Pase,48,12,34,14,16,8
GEVP,2,Gol,48,14,18,8,-,-
SITAS,1,Pase,48,18,13,78,31,79
SITAS,10,Pase,48,20,32,83,57,96
GEVP,10,Foul,48,28,72,44,-,-
SITAS,10,Pase,48,39,72,41,85,67
SITAS,11,Foul,48,39,84,66,-,-
GEVP,6,Pase,48,54,89,58,68,44
GEVP,5,Pase,48,55,68,44,73,87
GEVP,6,Pase,48,57,74,92,33,74
GEVP,8,Pase,48,58,33,77,8,61
SITAS,2,Pase,49,4,7,76,32,11
SITAS,7,Pase,49,6,34,17,64,11
SITAS,1,Pase,49,8,64,10,44,15
SITAS,7,Pase,49,10,41,8,66,87
SITAS,2,Perdida,49,12,77,82,-,-
GEVP,5,Recupero,49,12,79,79,-,-
GEVP,5,Pase,49,13,80,74,71,96
GEVP,6,Pase,49,14,72,98,53,70
GEVP,5,Pase,49,16,48,79,30,37
GEVP,2,Gol,49,19,30,43,-,-
SITAS,-,Zona,49,23,52,49,-,-
GEVP,6,Pase,49,24,52,49,21,89
GEVP,5,Pase,49,27,21,89,10,67
GEVP,8,Pase,49,29,7,76,30,92
GEVP,5,Pase,49,30,31,90,44,60
GEVP,2,Pase,49,32,46,61,23,42
GEVP,8,Errado,49,33,13,40,-,-
GEVP,5,Foul,49,37,10,57,-,-
SITAS,11,Pase,49,41,12,52,31,29
SITAS,7,Pase,49,42,33,34,42,8
SITAS,9,Pase,49,45,41,9,50,26
SITAS,7,Pase,49,46,52,22,76,42
SITAS,10,Perdida,49,51,79,42,-,-
GEVP,6,Pase,49,54,80,43,65,6
GEVP,10,Pase,49,55,69,6,76,27
GEVP,6,Pase,49,57,75,23,44,93
GEVP,11,Pase,49,59,40,90,19,31
GEVP,2,Pase,50,3,17,7,4,48
GEVP,8,Pase,50,4,3,49,13,86
GEVP,5,Pase,50,6,13,87,35,94
GEVP,11,Pase,50,9,35,92,43,39
GEVP,2,Pase,50,11,44,36,24,11
GEVP,5,Pase,50,13,23,3,46,32
GEVP,8,Pase,50,15,45,39,43,8
GEVP,5,Pase,50,16,46,7,10,14
GEVP,2,Pase,50,20,19,18,13,90
GEVP,11,Gol,50,21,14,93,-,-
SITAS,7,Pase,50,26,10,54,29,70
SITAS,9,Pase,50,26,30,76,21,46
SITAS,7,Pase,50,28,24,44,45,39
SITAS,11,Perdida,50,30,50,36,-,-
GEVP,6,Recupero,50,31,74,44,-,-
GEVP,6,Pase,50,31,77,40,58,69
GEVP,8,Pase,50,37,58,69,12,51
GEVP,11,Perdida,50,40,10,52,-,-
SITAS,2,Pase,50,41,10,41,26,93
SITAS,7,Pase,50,42,28,96,42,70
SITAS,10,Pase,50,44,42,61,42,92
SITAS,7,Pase,50,47,42,92,64,28
SITAS,11,Pase,50,49,67,33,58,5
SITAS,10,Errado,50,52,62,12,-,-
GEVP,6,reb_def,50,52,82,65,-,-
GEVP,6,Pase,50,53,81,64,75,95
GEVP,8,Pase,50,55,77,92,22,93
GEVP,11,Pase,51,0,27,95,68,69
GEVP,6,Pase,51,3,69,70,57,44
GEVP,5,Pase,51,1,59,48,46,7
GEVP,10,Pase,51,2,47,7,28,8
GEVP,8,Pase,51,4,26,7,44,21
GEVP,5,Pase,51,5,45,21,11,64
GEVP,11,Gol,51,7,9,71,-,-
SITAS,7,Pase,51,11,12,48,31,17
SITAS,10,Pase,51,11,30,22,56,10
SITAS,1,Pase,51,15,56,9,74,26
SITAS,11,Pase,51,17,75,28,82,82
SITAS,10,Gol,51,19,82,83,-,-
GEVP,10,Pase,51,24,86,45,71,69
GEVP,5,Pase,51,25,70,68,28,12
GEVP,2,Pase,51,27,29,11,48,6
GEVP,5,Pase,51,30,47,7,46,56
GEVP,8,Pase,51,34,47,55,26,92
GEVP,8,Foul,51,35,28,65,-,-
SITAS,2,Pase,51,41,28,55,54,8
SITAS,7,Pase,51,43,56,13,75,8
SITAS,11,Pase,51,44,76,6,58,19
SITAS,11,Foul,51,53,85,27,-,-
GEVP,6,Pase,51,54,87,28,73,9
GEVP,5,Pase,51,56,73,8,74,30
GEVP,11,Perdida,52,48,3,58,-,-
SITAS,9,Pase,52,52,42,4,53,23
SITAS,10,Pase,52,55,53,35,57,77
SITAS,7,Pase,52,56,55,64,71,93
SITAS,1,Pase,52,56,68,94,86,80
SITAS,11,Pase,52,59,87,79,94,58
SITAS,7,Pase,53,0,94,59,88,50
SITAS,1,Errado,53,3,94,43,-,-
GEVP,10,reb_def,53,3,88,49,-,-
GEVP,10,Pase,53,4,88,49,86,23
GEVP,8,Pase,53,5,87,26,72,19
GEVP,6,Pase,53,7,72,18,76,92
GEVP,5,Pase,53,9,77,92,72,60
GEVP,10,Pase,53,12,72,60,57,22
GEVP,6,Pase,53,13,58,23,43,8
GEVP,8,Pase,53,15,42,9,64,9
GEVP,6,Pase,53,17,65,12,49,34
GEVP,11,Perdida,53,19,48,35,-,-
SITAS,2,Pase,53,23,21,52,46,65
SITAS,11,Pase,53,26,56,61,42,22
SITAS,9,Pase,53,26,42,26,57,6
SITAS,1,Pase,53,28,57,8,60,67
SITAS,7,Pase,53,29,60,69,77,47
SITAS,10,Perdida,53,36,77,50,-,-
GEVP,6,Pase,53,39,77,50,78,91
GEVP,5,Pase,53,41,77,93,70,47
GEVP,6,Pase,53,43,70,49,39,91
GEVP,5,Pase,53,44,37,96,47,57
GEVP,8,Pase,53,46,47,49,38,93
GEVP,2,Pase,53,47,37,93,15,87
SITAS,1,Foul,53,50,14,86,-,-
GEVP,5,Pase,53,52,13,91,36,87
GEVP,11,Pase,53,53,36,86,20,75
GEVP,8,Pase,53,55,22,64,41,43
GEVP,2,Pase,53,56,43,39,34,85
GEVP,11,Pase,53,57,34,89,20,58
GEVP,5,Pase,53,59,19,68,27,33
GEVP,11,Gol,54,0,27,29,-,-
SITAS,9,Pase,54,3,10,40,27,91
SITAS,2,Errado,54,6,44,94,-,-
GEVP,6,Pase,61,18,8,59,23,50
GEVP,5,Pase,61,19,23,51,40,92
GEVP,6,Pase,61,20,39,94,62,93
GEVP,8,Pase,61,20,63,94,84,87
GEVP,2,Pase,61,23,84,85,57,51
GEVP,5,Pase,61,24,56,51,63,25
GEVP,8,Pase,61,26,63,22,78,48
GEVP,5,Errado,61,28,84,42,-,-
SITAS,9,reb_def,61,29,86,53,-,-
SITAS,9,Pase,61,30,86,56,70,41
SITAS,7,Pase,61,32,70,42,62,10
SITAS,2,Pase,61,34,61,12,42,22
SITAS,11,Pase,61,35,42,22,25,38
SITAS,10,Pase,61,37,25,36,33,47
SITAS,11,Pase,61,39,33,48,28,74
SITAS,10,Pase,61,40,29,75,7,86
SITAS,1,Pase,61,42,7,92,7,65
SITAS,11,Gol,61,43,8,70,-,-
GEVP,6,Pase,61,50,8,59,27,40
GEVP,10,Pase,61,53,26,44,46,8
GEVP,5,Pase,61,55,51,11,77,9
GEVP,2,Pase,61,57,77,13,55,31
GEVP,5,Pase,61,58,56,22,76,62
SITAS,10,Pase,62,4,92,56,74,87
SITAS,9,Pase,62,6,75,87,77,48
SITAS,10,Pase,62,8,77,50,68,14
SITAS,2,Pase,62,9,67,13,54,48
SITAS,10,Pase,62,11,49,49,10,72
SITAS,1,Pase,62,13,9,83,29,83
SITAS,10,Pase,62,15,32,88,27,49
SITAS,7,Gol,62,18,21,62,-,-
GEVP,10,Pase,62,21,9,51,18,81
GEVP,6,Pase,62,22,20,83,50,71
GEVP,5,Pase,62,23,47,71,74,91
GEVP,11,Gol,62,0,73,73,-,-
GEVP,11,Pase,62,26,72,92,92,85
GEVP,2,Pase,62,30,93,90,88,58
GEVP,8,Errado,62,31,89,43,-,-
SITAS,7,reb_def,62,32,81,56,-,-
SITAS,7,Pase,62,33,82,58,65,36
SITAS,9,Pase,62,35,68,42,56,94
SITAS,2,Pase,62,36,59,93,41,95
SITAS,1,Pase,62,48,41,95,18,79
SITAS,10,Pase,62,50,19,99,21,41
SITAS,11,Gol,62,52,25,37,-,-
GEVP,10,Pase,62,58,11,44,17,15
GEVP,6,Pase,62,58,16,12,17,42
GEVP,10,Pase,63,0,19,44,27,8
GEVP,6,Pase,63,1,29,9,56,10
GEVP,11,Pase,63,4,60,14,75,9
GEVP,2,Pase,63,8,72,10,92,26
GEVP,5,Pase,63,10,93,26,67,11
GEVP,8,Pase,63,11,67,14,81,32
GEVP,11,Gol,63,13,77,34,-,-
SITAS,2,Pase,63,18,90,40,73,93
SITAS,7,Pase,63,20,75,90,72,61
SITAS,2,Pase,63,21,72,53,54,14
SITAS,9,Pase,63,22,55,13,44,40
SITAS,11,Pase,63,25,43,40,29,82
SITAS,7,Pase,63,26,29,82,48,48
SITAS,1,Pase,63,28,48,49,24,44
SITAS,10,Gol,63,30,27,47,-,-
GEVP,6,Pase,63,33,13,51,18,91
GEVP,8,Pase,63,36,21,93,17,67
GEVP,6,Pase,63,39,21,64,22,88
GEVP,10,Pase,63,43,24,92,51,3
GEVP,6,Perdida,63,45,53,5,-,-
SITAS,2,Pase,63,53,61,1,55,66
SITAS,9,Pase,63,53,57,65,33,90
SITAS,7,Pase,63,56,35,91,38,30
SITAS,10,Pase,63,59,43,30,36,83
SITAS,7,Pase,64,0,37,82,22,80
SITAS,11,Pase,64,1,23,83,26,38
SITAS,7,Gol,64,2,24,34,-,-
GEVP,10,Pase,64,7,13,48,16,93
GEVP,5,Pase,64,10,16,85,33,14
GEVP,6,Pase,64,11,34,21,69,8
GEVP,8,Pase,64,13,69,10,55,26
GEVP,5,Pase,64,16,55,26,64,8
GEVP,2,Pase,64,17,66,11,54,25
GEVP,5,Pase,64,19,54,21,72,85
GEVP,8,Pase,64,21,73,87,53,47
GEVP,11,Pase,64,23,54,49,79,43
GEVP,2,Gol,64,25,81,43,-,-
SITAS,2,Pase,64,28,87,43,83,86
SITAS,7,Pase,64,29,83,87,75,43
SITAS,2,Pase,64,31,75,45,50,6
SITAS,10,Pase,64,33,50,8,44,55
SITAS,9,Pase,64,41,57,56,41,24
SITAS,10,Pase,64,45,41,23,13,94
SITAS,1,Pase,64,46,14,93,2,67
SITAS,7,Gol,64,47,2,68,-,-
GEVP,6,Pase,64,52,12,38,24,9
GEVP,5,Pase,64,55,24,10,42,12
GEVP,10,Pase,64,57,42,11,54,47
GEVP,8,Pase,64,58,55,49,63,90
GEVP,11,Pase,65,0,61,91,92,84
GEVP,2,Pase,65,2,93,85,68,86
GEVP,11,Perdida,65,11,68,88,-,-
SITAS,2,Recupero,65,5,79,35,-,-
SITAS,2,Pase,65,6,78,24,77,50
SITAS,9,Pase,65,8,75,50,54,66
SITAS,1,Pase,65,9,57,69,34,91
SITAS,7,Pase,65,10,34,93,27,73
SITAS,11,Pase,65,11,25,69,40,91
SITAS,10,Gol,65,17,35,86,-,-
GEVP,10,Pase,65,17,10,58,25,48
GEVP,6,Pase,65,19,25,49,31,15
GEVP,5,Pase,65,21,32,17,31,87
GEVP,10,Pase,65,24,34,91,71,76
GEVP,8,Pase,65,25,71,79,91,70
GEVP,11,Gol,65,27,94,59,-,-
SITAS,2,Pase,66,56,92,31,72,10
SITAS,9,Pase,66,58,73,11,42,8
SITAS,1,sub_out,66,37,99,12,-,-
SITAS,5,sub_in,66,37,50,50,-,-
SITAS,5,Pase,67,0,42,7,46,35
SITAS,11,Pase,67,2,46,35,9,33
SITAS,5,Gol,67,3,6,43,-,-
GEVP,12,sub_in,66,37,50,49,-,-
GEVP,9,sub_in,66,37,50,50,-,-
GEVP,10,sub_out,66,37,50,50,-,-
GEVP,6,sub_out,66,37,50,52,-,-
GEVP,9,Pase,67,9,11,51,23,72
GEVP,12,Pase,67,12,24,74,30,15
GEVP,5,Pase,67,14,31,15,20,71
GEVP,12,Pase,67,15,22,65,31,94
GEVP,9,Pase,67,16,32,93,53,96
GEVP,11,Pase,67,18,56,92,84,93
GEVP,8,Pase,67,19,85,94,64,91
GEVP,5,Pase,67,21,65,92,62,37
GEVP,11,Pase,67,23,62,38,81,48
SITAS,5,Foul,67,27,78,50,-,-
GEVP,5,Pase,67,29,83,63,93,63
GEVP,11,Gol,67,31,95,57,-,-
SITAS,9,Pase,67,35,88,49,59,11
SITAS,5,Pase,67,36,59,12,35,12
SITAS,10,Pase,67,38,36,13,19,10
SITAS,11,Pase,67,41,19,9,17,36
SITAS,7,Errado,67,43,23,44,-,-
GEVP,5,reb_def,67,44,10,55,-,-
SITAS,10,Foul,67,44,10,56,-,-
GEVP,5,Pase,67,47,11,56,26,11
GEVP,12,Pase,67,48,27,11,50,6
GEVP,8,Pase,67,52,50,7,63,92
GEVP,9,Pase,67,53,64,91,86,88
GEVP,5,Pase,67,55,86,87,91,61
GEVP,11,Perdida,67,56,91,61,-,-
SITAS,2,Pase,67,58,91,62,69,66
SITAS,7,Pase,67,59,70,69,41,33
SITAS,11,Pase,68,1,41,33,12,36
SITAS,10,Gol,68,3,17,39,-,-
GEVP,9,Pase,68,8,11,38,15,95
GEVP,5,Pase,68,9,16,96,22,40
GEVP,12,Pase,68,10,22,42,19,82
GEVP,5,Pase,68,13,18,80,65,91
GEVP,2,Pase,68,15,66,91,60,13
GEVP,12,Gol,68,17,63,16,-,-
SITAS,9,Pase,68,21,87,47,72,20
SITAS,7,Pase,68,22,72,21,72,45
SITAS,9,Pase,68,24,73,46,37,90
SITAS,2,Gol,68,26,30,85,-,-
GEVP,9,Pase,68,29,13,41,12,77
GEVP,12,Pase,68,31,12,78,24,51
GEVP,9,Pase,68,34,23,67,49,12
GEVP,2,Pase,68,36,45,11,67,93
GEVP,12,Errado,68,39,72,87,-,-
GEVP,8,Pase,68,48,81,29,90,44
GEVP,5,Gol,68,50,91,40,-,-
SITAS,9,Pase,68,54,88,41,73,14
SITAS,2,Pase,68,54,73,17,77,42
SITAS,9,Pase,68,56,75,43,49,12
SITAS,5,Pase,68,58,49,12,47,61
SITAS,7,Pase,69,0,47,61,25,87
SITAS,11,Pase,69,2,25,87,22,60
SITAS,10,Gol,69,4,26,63,-,-
GEVP,5,Pase,69,8,14,54,24,28
GEVP,9,Pase,69,9,24,26,54,6
GEVP,8,Pase,69,11,54,7,36,19
GEVP,9,Pase,69,14,36,20,62,8
GEVP,8,Pase,69,15,63,11,59,49
GEVP,11,Pase,69,17,57,54,59,93
GEVP,5,Pase,69,19,62,95,58,26
GEVP,12,Pase,69,21,59,26,77,7
GEVP,2,Pase,69,21,79,7,55,32
GEVP,11,Pase,69,24,54,33,80,17
GEVP,5,Pase,69,26,81,18,95,52
GEVP,2,Errado,69,28,94,50,-,-
SITAS,7,reb_def,69,29,80,55,-,-
SITAS,7,Pase,69,30,79,55,63,95
SITAS,9,Pase,69,32,61,94,36,94
SITAS,10,Pase,69,35,39,93,16,67
SITAS,11,Errado,69,37,16,56,-,-
GEVP,12,reb_def,69,48,16,41,-,-
GEVP,12,Pase,69,49,17,37,13,71
GEVP,5,Pase,69,52,13,75,31,49
GEVP,12,Pase,69,54,31,50,45,91
GEVP,9,Pase,69,55,46,92,69,93
SITAS,9,Foul,70,4,69,93,-,-
GEVP,2,Foul,70,4,76,41,-,-
SITAS,2,Pase,70,9,76,42,53,55
SITAS,11,Pase,70,10,54,54,49,14
SITAS,5,Pase,70,13,49,14,48,51
SITAS,10,Pase,70,15,48,51,14,79
SITAS,7,Gol,70,18,15,77,-,-
GEVP,9,Pase,70,20,15,43,18,83
GEVP,12,Pase,70,22,18,83,30,76
GEVP,9,Perdida,70,26,30,74,-,-
SITAS,9,Recupero,70,25,44,89,-,-
SITAS,9,Pase,70,25,42,92,27,75
GEVP,9,Foul,70,32,14,80,-,-
SITAS,7,Pase,70,36,14,85,41,50
SITAS,5,Pase,70,37,41,50,29,90
SITAS,7,Pase,70,38,27,90,11,79
SITAS,10,Pase,70,40,11,80,9,50
SITAS,11,Gol,70,43,7,57,-,-
GEVP,9,Pase,70,45,12,52,19,18
GEVP,11,Pase,70,48,47,9,52,46
GEVP,8,Pase,70,47,17,19,46,8
GEVP,5,Pase,70,49,54,47,42,24
GEVP,8,Pase,70,53,51,26,52,49
GEVP,5,Pase,70,52,52,47,50,20
GEVP,8,Pase,70,53,51,18,72,5
SITAS,5,Foul,70,59,85,34,-,-
GEVP,5,Pase,71,4,86,35,67,36
GEVP,8,Pase,71,5,67,36,81,18
GEVP,5,Errado,71,8,81,15,-,-
SITAS,2,Pase,71,20,87,62,69,20
SITAS,9,Pase,71,23,71,18,40,15
SITAS,10,Pase,71,26,39,17,42,65
SITAS,7,Pase,71,27,42,68,28,95
SITAS,5,Pase,71,29,28,94,45,61
SITAS,11,Pase,71,30,50,55,38,7
SITAS,2,Errado,71,33,32,12,-,-
GEVP,8,reb_def,71,33,10,64,-,-
GEVP,8,Pase,71,34,10,63,23,50
GEVP,5,Pase,71,36,22,52,29,11
GEVP,12,Pase,71,38,29,11,63,10
GEVP,2,Pase,71,40,60,9,44,94
GEVP,9,Pase,71,41,46,96,70,94
GEVP,8,Pase,71,43,69,97,89,88
GEVP,11,Perdida,71,47,89,93,-,-
SITAS,5,Recupero,71,47,73,55,-,-
SITAS,5,Pase,71,48,73,57,80,84
SITAS,9,Pase,71,48,80,82,55,65
SITAS,5,Pase,71,50,54,68,44,96
SITAS,10,Pase,71,51,44,95,30,77
SITAS,11,Pase,71,53,29,80,46,85
GEVP,5,Pase,71,56,44,85,30,95
SITAS,7,Pase,71,57,30,94,11,76
SITAS,10,Errado,71,57,11,75,-,-
SITAS,7,Pase,72,6,22,48,47,72
SITAS,10,Pase,72,9,47,50,28,76
SITAS,7,Errado,72,11,27,76,-,-
GEVP,5,reb_def,72,13,10,35,-,-
GEVP,5,Pase,72,14,11,32,29,6
GEVP,9,Pase,72,17,30,8,29,79
GEVP,12,Pase,72,20,29,79,57,7
GEVP,5,Pase,72,22,57,8,70,8
GEVP,8,Pase,72,24,71,8,55,5
GEVP,5,Pase,72,25,56,7,50,39
GEVP,2,Pase,72,28,50,37,77,49
GEVP,8,Pase,72,29,78,49,77,21
GEVP,5,Errado,72,31,76,24,-,-
GEVP,8,reb_of,72,31,81,64,-,-
GEVP,8,Pase,72,32,82,64,61,57
GEVP,2,Pase,72,35,64,68,72,95
GEVP,8,Pase,72,38,71,97,46,89
GEVP,2,Pase,72,39,46,91,64,11
GEVP,12,Errado,72,41,73,15,-,-
SITAS,2,reb_def,72,43,81,40,-,-
SITAS,2,Pase,72,43,81,37,67,50
SITAS,9,Pase,72,45,67,52,63,6
SITAS,5,Pase,72,47,63,7,55,41
SITAS,9,Pase,72,49,55,41,19,63
SITAS,7,Gol,72,51,18,65,-,-
GEVP,9,Pase,72,56,12,64,29,51
GEVP,12,Pase,72,58,28,58,49,6
GEVP,5,Perdida,73,2,50,8,-,-
SITAS,2,Recupero,73,1,59,12,-,-
SITAS,2,Pase,73,3,59,13,62,62
SITAS,9,Pase,73,5,63,63,50,39
SITAS,5,Pase,73,7,50,39,45,72
SITAS,11,Pase,73,10,44,73,45,17
SITAS,7,Pase,73,11,45,17,17,9
SITAS,5,Pase,73,13,18,7,17,35
SITAS,11,Gol,73,16,17,36,-,-
GEVP,9,Pase,74,42,10,54,19,92
GEVP,5,Pase,74,44,21,93,29,26
GEVP,9,Pase,74,46,29,27,27,83
GEVP,12,Pase,74,48,26,84,57,95
GEVP,8,Pase,74,50,58,95,71,74
GEVP,2,Pase,74,52,71,64,87,35
GEVP,5,Errado,74,55,87,33,-,-
GEVP,11,Foul,74,54,80,59,-,-
SITAS,2,Pase,75,1,79,61,68,94
SITAS,9,Pase,75,3,68,94,60,61
SITAS,11,Pase,75,4,60,60,58,23
SITAS,2,Pase,75,5,57,22,43,7
GEVP,9,Foul,75,7,29,7,-,-
SITAS,7,Pase,75,14,29,6,42,11
SITAS,5,Pase,75,16,43,8,43,32
SITAS,11,Pase,75,20,45,34,51,62
SITAS,10,Pase,75,21,50,62,23,87
SITAS,5,Pase,75,22,22,89,29,64
SITAS,11,Gol,75,25,28,56,-,-
GEVP,8,Pase,75,29,12,51,29,12
GEVP,9,Pase,75,31,31,11,59,5
SITAS,2,Perdida,75,32,59,5,-,-
SITAS,2,Pase,75,45,58,5,74,22
SITAS,7,Pase,75,47,75,22,60,38
SITAS,9,Pase,75,49,61,40,53,11
SITAS,2,Pase,75,50,54,11,33,5
SITAS,11,Pase,75,53,32,6,48,14
SITAS,10,Pase,75,55,48,15,69,46
SITAS,7,sub_out,75,50,50,50,-,-
SITAS,15,sub_in,75,50,50,49,-,-
SITAS,15,Pase,75,56,67,48,59,6
SITAS,2,Pase,75,58,59,7,53,35
SITAS,5,Pase,75,59,53,35,24,40
SITAS,10,Pase,76,2,25,39,44,19
SITAS,11,Perdida,76,2,43,19,-,-
GEVP,8,Recupero,76,9,42,84,-,-
GEVP,8,Pase,76,18,42,88,55,12
GEVP,12,Pase,76,20,56,13,79,20
SITAS,9,Foul,76,22,79,17,-,-
GEVP,11,Pase,76,28,79,17,78,51
GEVP,12,Pase,76,28,78,53,57,49
GEVP,5,Pase,76,30,56,50,77,60
GEVP,8,Pase,76,32,78,63,82,94
GEVP,12,Pase,76,32,81,95,69,80
GEVP,8,Pase,76,34,67,82,79,77
GEVP,5,Pase,76,36,80,86,57,47
GEVP,8,Gol,76,37,58,49,-,-
SITAS,9,Pase,76,41,88,48,63,5
SITAS,2,Pase,76,44,63,5,60,43
SITAS,15,Pase,76,45,59,44,73,48
SITAS,9,Pase,76,47,72,47,59,88
SITAS,5,Pase,76,49,59,88,54,59
SITAS,11,Pase,76,50,55,56,29,21
SITAS,2,Gol,76,51,26,25,-,-
GEVP,9,Pase,76,56,12,50,18,22
GEVP,12,Pase,76,57,18,21,26,40
GEVP,9,Pase,77,0,26,39,29,84
GEVP,5,Pase,77,2,30,85,89,86
GEVP,2,Pase,77,4,91,86,81,19
GEVP,11,Pase,77,6,80,19,46,13
GEVP,12,Pase,77,7,45,13,61,15
GEVP,5,Pase,77,8,62,18,63,60
GEVP,2,Pase,77,10,62,62,62,15
GEVP,8,Pase,77,12,62,15,64,60
GEVP,2,Pase,77,14,65,60,80,88
GEVP,11,Pase,77,17,83,88,81,39
GEVP,2,Pase,77,17,82,38,96,24
GEVP,8,Errado,77,20,97,30,-,-
SITAS,11,reb_def,77,21,90,63,-,-
SITAS,11,Pase,77,23,89,62,65,51
SITAS,9,Pase,77,24,66,51,77,87
SITAS,2,Pase,77,26,76,88,60,94
SITAS,15,Pase,77,27,59,95,58,64
SITAS,9,Pase,77,31,58,64,57,9
SITAS,2,Pase,77,32,57,9,39,6
SITAS,5,Pase,77,34,39,4,48,49
SITAS,15,Pase,77,36,47,51,38,6
SITAS,10,Pase,77,38,38,7,12,10
SITAS,5,Pase,77,39,12,11,8,34
GEVP,5,Foul,77,44,4,49,-,-
SITAS,15,Perdida,77,49,4,49,-,-
GEVP,8,Recupero,77,51,44,43,-,-
GEVP,8,Pase,77,52,45,47,46,10
GEVP,5,Pase,77,54,46,8,44,40
GEVP,8,Pase,77,56,45,38,41,92
GEVP,12,Pase,77,58,42,87,79,94
GEVP,2,Gol,78,0,83,91,-,-
SITAS,11,Pase,78,4,87,50,88,84
SITAS,2,Pase,78,6,87,84,70,54
SITAS,11,Pase,78,9,70,54,68,23
SITAS,9,Pase,78,10,68,22,52,46
SITAS,11,Pase,78,13,47,46,50,76
SITAS,15,Pase,78,14,50,77,68,80
SITAS,2,Pase,78,17,69,79,42,25
SITAS,10,Pase,78,19,41,28,25,48
SITAS,11,Perdida,78,22,22,55,-,-
GEVP,5,Pase,78,25,21,58,34,7
GEVP,12,Pase,78,27,34,8,52,8
GEVP,-,Zona,78,35,51,50,-,-
SITAS,2,Pase,78,36,51,51,47,80
SITAS,5,Pase,78,38,45,79,38,32
SITAS,10,Pase,78,39,37,34,21,49
SITAS,11,Gol,78,42,23,55,-,-
GEVP,8,Pase,78,46,14,52,25,69
GEVP,2,sub_of,78,12,50,50,-,-
GEVP,6,sub_in,78,12,50,49,-,-
GEVP,6,Pase,78,47,25,68,29,95
GEVP,9,Pase,78,49,29,95,58,94
GEVP,5,Pase,78,51,57,93,51,14
GEVP,8,Pase,78,52,53,14,80,14
GEVP,11,Pase,78,55,80,15,87,37
GEVP,8,Gol,78,57,91,47,-,-
SITAS,7,sub_in,78,57,50,49,-,-
SITAS,15,sub_of,78,57,50,49,-,-
SITAS,2,Pase,79,0,88,63,73,41
SITAS,9,Pase,79,2,73,41,76,69
SITAS,2,Pase,79,4,76,70,47,43
SITAS,11,Pase,79,6,46,44,40,8
SITAS,7,Perdida,79,11,35,10,-,-
SITAS,5,Foul,79,32,11,47,-,-
GEVP,6,Pase,79,58,10,46,18,68
GEVP,9,Pase,79,59,17,64,25,32
GEVP,6,Pase,80,0,23,36,46,15
GEVP,12,Pase,80,4,51,17,80,10
GEVP,8,Pase,80,6,81,9,58,13
SITAS,7,Foul,80,15,58,14,-,-
GEVP,8,Pase,80,15,58,14,90,66
GEVP,5,Gol,80,17,90,65,-,-
SITAS,9,Pase,80,18,88,50,62,63
SITAS,2,Pase,80,21,61,63,31,89
SITAS,10,Pase,80,22,30,90,20,80
SITAS,11,Pase,80,24,20,80,46,76
SITAS,7,Pase,80,30,45,74,14,79
SITAS,5,Pase,80,30,15,98,28,92
SITAS,7,Pase,80,31,27,91,41,70
SITAS,11,Pase,80,34,42,70,26,85
SITAS,7,Pase,80,35,25,86,13,70
SITAS,10,Pase,80,37,13,72,12,54
SITAS,11,Gol,80,39,9,49,-,-
GEVP,6,Pase,80,43,16,43,25,49
GEVP,5,Pase,80,45,26,51,59,94
GEVP,12,Pase,80,47,62,92,86,93
GEVP,8,Pase,80,48,87,95,72,88
GEVP,5,Pase,80,50,71,84,62,36
GEVP,12,Pase,80,51,62,36,79,54
GEVP,8,Pase,80,53,79,54,57,57
GEVP,12,Pase,80,54,57,59,72,81
GEVP,8,Pase,80,56,72,83,90,77
GEVP,5,Pase,80,59,93,80,87,50
SITAS,7,Foul,80,59,87,49,-,-
GEVP,5,Pase,81,12,90,56,85,40
GEVP,12,reb_of,81,29,87,41,-,-
GEVP,12,Pase,81,31,88,38,80,11
GEVP,5,Pase,81,33,81,12,97,23
GEVP,8,Pase,81,34,98,21,88,54
GEVP,5,Errado,81,34,89,60,-,-
GEVP,12,reb_of,81,35,81,45,-,-
GEVP,12,Errado,81,38,88,51,-,-
GEVP,8,reb_of,81,39,81,41,-,-
GEVP,8,Pase,81,39,80,41,94,42
GEVP,12,Pase,81,41,95,41,81,18
GEVP,8,Pase,81,42,82,15,56,28
GEVP,11,Pase,81,44,55,27,58,6
SITAS,7,Foul,81,46,75,45,-,-
GEVP,8,Pase,81,54,73,44,94,30
GEVP,5,Pase,81,56,95,30,88,50
GEVP,8,Errado,81,57,88,49,-,-
GEVP,12,reb_of,81,58,82,40,-,-
GEVP,12,Gol,82,0,84,39,-,-
SITAS,2,Pase,82,3,87,39,58,6
SITAS,5,Pase,82,5,58,7,52,21
SITAS,9,Pase,82,6,52,21,37,12
SITAS,10,Pase,82,8,37,11,46,36
SITAS,7,Pase,82,10,46,35,44,68
SITAS,5,Pase,82,11,44,70,28,95
SITAS,11,Pase,82,13,28,94,9,29
GEVP,8,Foul,82,25,8,35,-,-
SITAS,10,Pase,82,31,7,36,25,8
SITAS,5,Pase,82,33,26,8,38,12
SITAS,7,Pase,82,36,38,15,9,12
SITAS,5,Pase,82,39,8,12,4,40
GEVP,6,Foul,82,47,4,43,-,-
SITAS,7,Pase,82,49,5,43,13,33
GEVP,6,Foul,82,49,10,35,-,-
SITAS,7,Pase,82,55,10,36,38,52
SITAS,5,Pase,82,56,39,53,38,15
SITAS,10,Gol,82,59,34,14,-,-
GEVP,6,Pase,83,1,13,57,21,88
GEVP,9,Pase,83,2,23,90,23,50
GEVP,6,Pase,83,4,23,49,49,50
GEVP,5,Pase,83,5,50,50,54,8
GEVP,8,Pase,83,6,55,9,70,4
GEVP,12,Pase,83,9,69,4,82,31
GEVP,11,Gol,83,10,84,31,-,-
SITAS,9,Pase,83,14,86,44,74,15
SITAS,2,Pase,83,15,74,15,61,8
SITAS,7,Pase,83,17,61,8,63,23
SITAS,2,Pase,83,18,63,22,39,49
SITAS,11,Pase,83,21,39,50,28,34
SITAS,10,Pase,83,23,31,30,26,73
SITAS,11,Errado,83,24,27,75,-,-
SITAS,7,reb_of,83,25,24,52,-,-
SITAS,7,Pase,83,27,25,52,44,70
SITAS,5,Pase,83,27,44,69,23,91
SITAS,11,Pase,83,29,26,89,14,94
SITAS,7,Pase,83,31,14,95,2,74
SITAS,10,Pase,83,32,2,80,24,94
SITAS,7,Pase,83,34,25,95,22,55
SITAS,11,Errado,83,36,23,64,-,-
SITAS,10,reb_of,83,38,20,49,-,-
SITAS,10,Gol,83,38,20,57,-,-
GEVP,6,Pase,83,41,14,47,46,16
GEVP,12,Pase,83,43,53,16,68,27
GEVP,5,Pase,83,44,69,28,48,10
GEVP,8,Pase,83,46,52,15,62,57
GEVP,11,Foul,83,56,62,59,-,-
SITAS,2,Pase,83,58,65,74,42,39
SITAS,5,Pase,84,0,45,40,36,86
SITAS,7,Pase,84,1,36,87,48,53
SITAS,5,Pase,84,3,47,52,40,82
SITAS,11,Pase,84,6,41,82,14,30
SITAS,7,Gol,84,8,14,29,-,-
GEVP,6,Pase,84,11,14,55,25,41
GEVP,5,Pase,84,12,25,39,21,64
GEVP,6,Pase,84,15,21,64,29,14
GEVP,5,Pase,84,16,30,15,60,10
GEVP,12,Pase,84,17,60,10,50,23
SITAS,9,Foul,84,19,80,39,-,-
GEVP,5,Pase,84,30,79,36,60,28
GEVP,8,Pase,84,31,60,30,73,61
GEVP,11,Errado,84,33,73,70,-,-
SITAS,2,reb_def,84,35,85,41,-,-
SITAS,2,Pase,84,36,86,41,71,14
SITAS,7,Pase,84,37,71,16,54,19
SITAS,9,Pase,84,38,55,19,40,9
SITAS,11,Pase,84,41,40,9,15,13
SITAS,10,Pase,84,43,14,12,34,10
GEVP,6,Foul,84,44,18,38,-,-
SITAS,7,Pase,84,55,18,39,35,18
SITAS,5,Pase,84,56,35,20,15,18
GEVP,6,Foul,85,1,14,43,-,-
SITAS,11,Gol,85,16,36,49,-,-
GEVP,9,Pase,85,19,15,55,17,86
GEVP,11,Pase,85,21,17,88,29,16
GEVP,5,Pase,85,24,29,14,30,89
GEVP,11,Pase,85,27,30,91,23,62
GEVP,9,Pase,85,29,23,62,45,51
GEVP,8,Pase,85,31,45,50,78,90
GEVP,6,sub_of,85,19,50,49,-,-
GEVP,2,sub_in,85,19,50,49,-,-
GEVP,2,Pase,85,33,79,91,73,20
GEVP,5,Gol,85,35,75,28,-,-
SITAS,9,Pase,85,38,86,45,69,14
SITAS,2,Pase,85,40,69,14,76,35
SITAS,9,Pase,85,42,76,35,63,7
SITAS,2,Pase,85,43,61,7,39,7
GEVP,9,Foul,85,45,39,8,-,-
SITAS,11,Pase,85,49,40,18,7,63
SITAS,10,Gol,85,49,6,66,-,-
GEVP,9,Pase,85,53,14,49,20,18
GEVP,12,Pase,85,55,20,17,21,63
GEVP,5,Pase,85,58,20,64,34,10
GEVP,9,Pase,86,0,34,11,53,44
SITAS,2,Foul,86,3,81,47,-,-
GEVP,8,Pase,86,14,88,48,68,22
GEVP,12,Pase,86,20,68,20,55,66
GEVP,2,Pase,86,22,49,71,79,47
GEVP,12,Pase,86,23,79,47,83,21
GEVP,5,Gol,86,25,83,21,-,-
SITAS,9,Pase,86,29,86,42,71,8
SITAS,7,Pase,86,31,70,10,55,25
SITAS,2,Pase,86,33,54,24,23,36
SITAS,10,Pase,86,36,23,36,13,40
SITAS,11,Errado,86,37,15,37,-,-
SITAS,11,sub_of,86,44,18,39,-,-
SITAS,11,Pase,86,45,17,38,35,41
SITAS,7,Perdida,86,47,37,43,-,-
GEVP,5,Recupero,86,47,25,44,-,-
GEVP,5,Pase,86,54,21,6,22,37
GEVP,9,Pase,86,56,23,36,53,10
GEVP,5,Pase,86,57,56,10,72,5
GEVP,2,Pase,86,59,71,5,52,17
GEVP,8,Pase,87,2,52,19,67,3
GEVP,12,Pase,87,4,66,2,53,39
GEVP,8,Pase,87,5,53,38,63,75
GEVP,2,Pase,87,7,63,77,68,15
GEVP,12,Pase,87,9,68,16,78,46
GEVP,5,Gol,87,10,73,49,-,-
SITAS,2,Pase,88,42,86,34,58,5
SITAS,9,Pase,88,43,58,5,42,5
SITAS,7,Pase,88,44,41,5,27,5
SITAS,10,Pase,88,46,27,6,19,38
SITAS,11,Pase,88,48,21,37,9,10
SITAS,10,Pase,88,50,8,10,4,37
GEVP,12,Foul,88,57,4,36,-,-
SITAS,10,Pase,88,59,4,35,28,30
SITAS,11,Errado,89,3,26,29,-,-
GEVP,5,reb_def,89,3,21,46,-,-
GEVP,5,Pase,89,4,23,51,24,90
GEVP,12,Pase,89,7,24,93,38,95
GEVP,5,Pase,89,9,38,93,28,58
GEVP,9,Pase,89,11,27,60,34,11
GEVP,11,Pase,89,14,34,8,65,23
SITAS,9,Foul,89,15,67,38,-,-
GEVP,8,Gol,89,25,64,48,-,-
SITAS,2,Pase,89,29,85,56,46,93
SITAS,7,Pase,89,31,47,95,28,67
GEVP,11,Foul,89,33,20,63,-,-
SITAS,10,Gol,89,33,21,61,-,-
GEVP,12,Pase,89,38,15,38,14,81
GEVP,11,Pase,89,42,14,82,20,97
SITAS,10,Foul,89,45,21,96,-,-
GEVP,9,Pase,89,52,20,91,35,89
GEVP,5,Pase,89,55,35,90,74,49
GEVP,12,Gol,89,55,74,53,-,-
SITAS,9,Pase,90,0,86,43,67,14
SITAS,11,Pase,90,1,67,14,56,34
SITAS,2,Pase,90,3,55,35,45,76
SITAS,7,Pase,90,4,45,75,45,95
SITAS,10,Errado,90,7,44,90,-,-
GEVP,5,reb_def,90,9,23,40,-,-
GEVP,5,Pase,90,11,30,38,47,81
SITAS,9,Foul,90,15,71,88,-,-
SITAS,9,sub_of,90,15,50,51,-,-
SITAS,4,sub_in,90,30,50,50,-,-
GEVP,8,Gol,90,21,65,49,-,-
SITAS,2,Pase,90,26,84,36,74,45
SITAS,11,Pase,90,30,74,44,32,90
SITAS,10,Pase,90,31,31,89,23,60
SITAS,11,Pase,90,38,31,53,25,18
SITAS,5,Gol,90,40,23,17,-,-
GEVP,9,Pase,90,44,12,40,26,8
GEVP,11,Pase,90,46,25,7,27,79
GEVP,8,Pase,90,50,28,77,54,72
SITAS,4,Foul,90,48,56,67,-,-
GEVP,8,Pase,91,0,60,81,59,32
GEVP,5,Pase,91,1,59,34,54,68
GEVP,8,Gol,91,11,65,49,-,-
SITAS,4,Pase,91,14,86,44,69,79
SITAS,2,Pase,91,17,69,82,64,97
SITAS,7,Pase,91,19,64,97,19,95
SITAS,5,Pase,91,21,20,93,18,56
SITAS,2,Pase,91,22,13,63,20,49
SITAS,11,Gol,91,25,18,53,-,-
GEVP,12,Pase,91,26,13,43,27,6
GEVP,8,Pase,91,27,26,5,23,36
GEVP,12,Pase,91,29,23,38,48,83
GEVP,9,Pase,91,31,47,84,28,72
GEVP,11,Pase,91,32,28,74,30,39
GEVP,5,Pase,91,35,30,39,60,7
GEVP,8,Pase,91,35,58,7,46,14
GEVP,5,Pase,91,38,50,16,84,40
GEVP,5,Errado,91,39,85,53,-,-
SITAS,5,Foul,91,48,71,58,-,-
GEVP,8,Pase,91,52,67,61,70,18
GEVP,5,Pase,91,53,69,22,54,47
GEVP,8,Pase,91,54,54,49,58,93
GEVP,2,Pase,91,56,59,95,73,74
SITAS,11,Foul,92,2,73,76,-,-
GEVP,8,Pase,92,5,73,78,63,41
GEVP,12,Pase,92,8,64,39,42,88
GEVP,9,Pase,92,10,43,88,56,97
GEVP,5,Pase,92,12,57,96,68,75
SITAS,11,Foul,92,17,69,75,-,-
GEVP,5,Pase,92,19,54,65,65,11
SITAS,5,Foul,92,26,65,14,-,-
GEVP,5,Pase,92,30,72,32,54,41
GEVP,8,Pase,92,31,52,37,61,9
GEVP,5,Pase,92,33,62,5,83,36
GEVP,2,Pase,92,35,82,45,72,86
GEVP,8,Pase,92,37,72,87,55,14
GEVP,5,Pase,92,38,55,13,66,56
GEVP,8,Pase,92,40,66,58,72,86
GEVP,12,Pase,92,41,72,86,84,81
GEVP,5,Pase,92,41,85,87,60,92
GEVP,8,Pase,92,43,60,94,53,60
GEVP,2,Pase,92,44,53,59,69,95
GEVP,5,Pase,92,46,69,96,59,22
GEVP,12,Pase,92,48,59,22,78,18
GEVP,5,Pase,92,49,75,17,84,69
GEVP,12,Pase,92,52,81,74,57,37
GEVP,2,Pase,92,53,57,42,81,15
GEVP,5,Pase,92,54,81,15,60,11
SITAS,4,Foul,93,2,55,45,-,-
GEVP,8,Gol,93,13,65,49,-,-
SITAS,-,Zona,93,21,49,49,-,-
GEVP,9,Pase,93,22,48,51,63,44
GEVP,12,Pase,93,24,62,44,70,91
GEVP,8,Pase,93,25,69,91,81,97
GEVP,5,Pase,93,26,80,97,57,94
GEVP,8,Pase,93,27,57,94,57,55
GEVP,2,Pase,93,29,54,51,69,89
GEVP,5,Pase,93,31,70,91,54,34
GEVP,12,Pase,93,32,54,38,65,59
GEVP,2,Pase,93,34,69,62,79,15
GEVP,5,Pase,93,34,80,15,67,21
GEVP,2,Errado,93,37,63,12,-,-