Team,Player,Event,Mins,Secs,X,Y,X2,Y2,id
SITAS,2     ,Pase,27,5,11,70,28,21,1
SITAS,4,Pase,27,7,27,17,29,47,2
SITAS,10,Pase,27,8,31,49,29,91,3
SITAS,2     ,Pase,27,10,22,94,61,62,4
SITAS,11,Pase,27,12,62,69,51,49,5
SITAS,10,Pase,27,14,54,49,76,28,6
SITAS,7,Pase,27,15,73,22,55,20,7
SITAS,10,Perdida,27,18,46,12,-,-,8
GEVP,12,Recupero,27,18,57,86,-,-,9
GEVP,12,Pase,27,18,55,80,35,93,10
GEVP,11,Pase,27,21,31,89,15,62,11
GEVP,5,Perdida,27,25,17,68,-,-,12
SITAS,2     ,Pase,27,27,2,66,20,76,13
SITAS,11,Pase,27,31,21,77,29,13,14
SITAS,4,Pase,27,32,27,15,62,11,15
SITAS,7,Pase,27,34,62,13,54,42,16
SITAS,10,Pase,27,35,55,40,67,10,17
SITAS,11,Perdida,27,37,63,11,-,-,18
GEVP,5,Recupero,27,37,62,33,-,-,19
GEVP,5,Pase,27,39,52,34,32,13,20
GEVP,11,Pase,27,40,36,14,22,30,21
GEVP,5,Pase,27,42,13,14,33,15,22
GEVP,2,Pase,27,44,32,8,22,33,23
GEVP,8,Pase,27,45,23,37,7,7,24
GEVP,5,Gol,27,47,7,13,-,-,25
SITAS,4,Pase,27,51,8,63,21,19,26
SITAS,2     ,Pase,27,52,20,19,22,55,27
SITAS,4,Pase,27,56,24,56,32,21,28
SITAS,2     ,Pase,27,57,30,14,54,50,29
SITAS,11,Pase,27,59,55,50,65,87,30
SITAS,7,Pase,28,0,63,87,62,26,31
SITAS,11,Perdida,28,4,80,44,-,-,32
GEVP,12,Pase,28,5,80,48,57,10,33
GEVP,5,Pase,28,8,54,7,36,6,34
GEVP,11,Pase,28,12,33,7,48,8,35
GEVP,5,Pase,28,12,48,13,18,5,36
GEVP,8,Pase,28,14,19,5,19,33,37
GEVP,8,Gol,28,14,19,36,-,-,38
SITAS,4,Pase,28,19,16,38,15,78,39
SITAS,2     ,Pase,28,21,12,75,27,40,40
SITAS,4,Pase,28,23,26,43,54,9,41
SITAS,11,Pase,28,25,42,15,94,81,42
SITAS,10,Errado,28,28,95,83,-,-,43
GEVP,6,reb_def,28,30,82,42,-,-,44
GEVP,6,Perdida,28,30,82,43,-,-,45
SITAS,7,Recupero,28,30,82,48,-,-,46
SITAS,7,Pase,28,33,76,55,83,92,47
SITAS,11,Pase,28,31,80,59,69,47,48
SITAS,11,Pase,28,32,71,52,85,80,49
SITAS,7,Pase,28,34,86,85,48,65,50
SITAS,10,Pase,28,36,52,61,61,20,51
SITAS,6,Pase,28,37,57,14,80,27,52
SITAS,11,Perdida,28,41,81,27,-,-,53
GEVP,5,Recupero,28,41,90,75,-,-,54
GEVP,5,Pase,28,43,92,81,92,40,55
GEVP,6,Pase,28,45,92,32,64,11,56
GEVP,8,Pase,28,46,66,14,29,10,57
GEVP,2,Pase,28,50,29,9,29,86,58
GEVP,12,Gol,28,52,26,81,-,-,59
SITAS,4,Pase,28,55,10,62,28,11,60
SITAS,7,Pase,28,56,28,12,61,8,61
SITAS,10,Pase,28,58,61,9,90,23,62
SITAS,6,Pase,29,0,90,20,83,37,63
SITAS,11,Pase,29,2,81,31,69,7,64
SITAS,6,Pase,29,4,68,7,57,39,65
SITAS,7,Pase,29,6,56,33,70,7,66
SITAS,6,Pase,29,7,70,8,78,37,67
SITAS,10,Errado,29,10,85,42,-,-,68
GEVP,6,reb_def,29,11,81,55,-,-,69
GEVP,6,Pase,29,13,77,56,85,91,70
GEVP,5,Pase,29,15,87,91,42,94,71
GEVP,11,Pase,29,17,43,82,19,89,72
GEVP,2,Pase,29,18,21,84,45,87,73
GEVP,5,Pase,29,21,42,85,24,92,74
GEVP,8,Pase,29,23,28,92,46,51,75
GEVP,11,Pase,29,24,46,55,32,10,76
GEVP,12,Gol,29,27,32,10,-,-,77
SITAS,4,Pase,29,31,10,59,32,8,78
SITAS,7,Pase,29,33,26,10,59,8,79
SITAS,10,Pase,29,35,59,7,81,76,80
SITAS,2     ,Errado,29,37,80,70,-,-,81
SITAS,11,reb_of,29,38,85,46,-,-,82
SITAS,11,Gol,29,38,87,46,-,-,83
GEVP,12,Pase,29,43,87,44,68,46,84
GEVP,6,Perdida,29,47,67,35,-,-,85
SITAS,2     ,Recupero,29,49,44,7,-,-,86
SITAS,2     ,Pase,29,49,41,8,67,10,87
SITAS,6,Pase,29,50,67,8,64,35,88
SITAS,10,Pase,30,0,99,49,78,12,89
SITAS,7,Pase,30,1,72,11,84,38,90
SITAS,11,Gol,30,4,85,41,-,-,91
GEVP,12,Pase,30,4,87,43,66,29,92
GEVP,11,Pase,30,7,63,27,79,63,93
GEVP,12,Pase,30,8,78,56,71,95,94
GEVP,6,Pase,30,10,71,94,28,84,95
GEVP,2,Pase,30,12,30,85,22,51,96
GEVP,11,Errado,30,14,26,54,-,-,97
SITAS,10,reb_def,30,14,11,54,-,-,98
SITAS,10,Pase,30,15,20,58,22,85,99
SITAS,2     ,Pase,30,17,24,90,37,73,100
SITAS,10,Pase,30,18,43,68,69,91,101
SITAS,11,Pase,30,20,71,91,55,32,102
SITAS,7,Pase,30,22,55,38,80,17,103
SITAS,7,Gol,30,24,78,14,-,-,104
GEVP,12,Pase,30,27,87,50,77,17,105
GEVP,5,Pase,30,28,79,14,84,49,106
GEVP,12,Pase,30,29,82,45,69,11,107
GEVP,5,Pase,30,32,68,11,37,9,108
GEVP,8,Pase,30,34,52,6,42,22,109
GEVP,5,Pase,30,36,40,19,20,43,110
GEVP,2,Errado,30,37,21,39,-,-,111
SITAS,2     ,reb_def,30,40,10,56,-,-,112
SITAS,2     ,Pase,30,43,10,59,39,95,113
SITAS,10,Pase,30,46,61,94,43,53,114
SITAS,7,Pase,30,49,46,41,31,87,115
SITAS,2     ,Pase,30,50,38,88,62,81,116
SITAS,11,Pase,30,51,69,86,50,47,117
SITAS,7,Pase,30,53,55,49,65,18,118
SITAS,6,Pase,30,54,63,14,78,30,119
SITAS,10,Errado,30,56,84,36,-,-,120
GEVP,11,reb_def,30,58,81,54,-,-,121
GEVP,11,Pase,30,59,82,56,55,85,122
GEVP,8,Errado,31,0,38,68,-,-,123
GEVP,8,reb_of,31,2,19,56,-,-,124
GEVP,8,Pase,31,2,14,56,15,19,125
GEVP,5,Pase,31,4,15,16,2,42,126
GEVP,8,Pase,31,7,3,33,10,13,127
GEVP,5,Errado,31,9,14,22,-,-,128
SITAS,10,Foul,31,13,16,65,-,-,129
GEVP,8,Pase,31,16,17,64,25,43,130
GEVP,2,Gol,31,18,22,44,-,-,131
SITAS,10,Pase,31,21,16,50,24,22,132
SITAS,2     ,Pase,31,22,24,21,21,50,133
SITAS,10,Pase,31,24,23,49,31,86,134
SITAS,4,Pase,31,25,30,90,71,91,135
SITAS,7,Pase,31,27,66,90,54,66,136
SITAS,10,Pase,31,29,58,79,54,29,137
SITAS,6,Pase,31,30,55,28,74,16,138
SITAS,11,Pase,31,33,73,15,88,82,139
SITAS,11,Errado,31,35,87,79,-,-,140
SITAS,11,Foul,31,37,83,38,-,-,141
GEVP,12,reb_def,31,37,83,38,-,-,142
GEVP,12,Pase,31,38,83,37,62,7,143
GEVP,5,Pase,31,41,62,5,41,89,144
GEVP,12,Pase,31,42,40,85,10,94,145
GEVP,8,Pase,31,45,17,93,37,75,146
GEVP,11,Pase,31,46,40,85,53,39,147
GEVP,5,Pase,31,48,53,37,41,89,148
GEVP,2,Pase,31,50,50,94,46,28,149
GEVP,5,Pase,31,52,41,26,39,83,150
GEVP,12,Pase,31,53,44,82,25,40,151
SITAS,2     ,Foul,31,55,10,53,-,-,152
GEVP,5,Pase,32,2,10,58,27,87,153
GEVP,8,Pase,32,5,27,92,34,28,154
GEVP,12,Pase,32,7,37,29,21,50,155
GEVP,5,Gol,32,11,23,61,-,-,156
SITAS,2     ,Pase,32,11,11,45,29,16,157
SITAS,10,Pase,32,14,23,7,47,44,158
SITAS,4,Perdida,32,17,47,51,-,-,159
GEVP,6,Pase,32,24,99,65,90,42,160
GEVP,12,Pase,32,26,96,43,74,96,161
GEVP,5,Pase,32,27,73,93,75,78,162
GEVP,6,Pase,32,28,75,79,52,93,163
GEVP,5,Pase,32,31,42,92,2,92,164
GEVP,2,Pase,32,33,3,90,3,65,165
GEVP,8,Pase,32,34,4,62,17,95,166
GEVP,5,Pase,32,37,10,95,33,70,167
GEVP,2,Pase,32,40,34,77,26,9,168
GEVP,8,Pase,32,41,26,7,14,13,169
GEVP,5,Pase,32,42,16,14,41,12,170
SITAS,4,Foul,32,48,11,45,-,-,171
GEVP,8,Pase,32,58,7,53,14,32,172
GEVP,5,Pase,33,0,13,32,2,48,173
GEVP,8,Gol,33,1,2,49,-,-,174
SITAS,4,Pase,33,4,11,49,19,23,175
SITAS,2     ,Pase,33,21,19,22,30,85,176
SITAS,4,Pase,33,22,33,81,41,49,177
SITAS,11,Pase,33,25,46,49,63,8,178
SITAS,7,sub_out,33,24,1,4,-,-,179
SITAS,15,sub_in,33,24,1,8,-,-,180
SITAS,10,Pase,33,27,56,8,88,13,181
SITAS,6,Pase,33,28,91,6,86,36,182
GEVP,12,Foul,33,31,86,37,-,-,183
SITAS,10,Pase,33,38,86,35,94,63,184
SITAS,6,Errado,33,41,95,56,-,-,185
GEVP,12,Foul,33,41,87,36,-,-,186
SITAS,6,Foul,33,50,74,44,-,-,187
GEVP,6,Pase,33,53,74,50,62,95,188
GEVP,12,Pase,33,56,46,95,21,61,189
GEVP,2,Errado,33,58,17,64,-,-,190
SITAS,15,reb_def,33,58,14,58,-,-,191
SITAS,15,Pase,34,0,23,58,13,20,192
SITAS,10,Pase,34,2,13,22,33,14,193
SITAS,4,Pase,34,5,30,10,23,32,194
SITAS,10,Pase,34,6,24,32,24,89,195
SITAS,2     ,Pase,34,8,23,94,46,8,196
SITAS,4,Pase,34,9,46,6,71,10,197
SITAS,12,Pase,34,10,72,10,59,46,198
SITAS,11,Pase,34,12,60,47,78,46,199
SITAS,11,Gol,34,16,78,42,-,-,200
GEVP,8,Pase,34,19,85,51,82,90,201
GEVP,12,Pase,34,20,82,89,79,47,202
GEVP,8,Pase,34,22,77,44,54,95,203
GEVP,6,Pase,34,24,50,99,10,84,204
SITAS,10,Foul,34,26,19,60,-,-,205
GEVP,8,Pase,34,32,18,92,25,50,206
GEVP,5,Pase,34,35,26,50,14,11,207
GEVP,8,Pase,34,38,17,14,31,7,208
GEVP,2,Pase,34,40,31,5,18,37,209
GEVP,11,Pase,34,42,21,30,4,74,210
GEVP,8,Gol,34,44,4,86,-,-,211
SITAS,4,Pase,34,46,5,61,43,9,212
SITAS,10,Pase,34,47,44,9,76,9,213
SITAS,6,Pase,34,49,76,11,57,11,214
SITAS,10,Pase,34,51,55,12,77,44,215
SITAS,10,Errado,34,53,72,39,-,-,216
GEVP,6,reb_def,34,54,86,60,-,-,217
GEVP,6,Pase,34,54,87,60,74,87,218
GEVP,8,Pase,34,56,72,89,37,89,219
GEVP,12,Pase,34,58,37,88,19,91,220
GEVP,2,Pase,34,59,20,92,53,7,221
GEVP,5,Pase,35,1,46,9,15,14,222
GEVP,12,Pase,35,5,20,7,45,18,223
GEVP,2,Pase,35,8,47,11,14,68,224
GEVP,12,Pase,35,11,15,75,25,34,225
GEVP,5,Pase,35,15,25,29,16,43,226
GEVP,5,Errado,35,14,19,36,-,-,227
GEVP,11,reb_of,35,16,16,61,-,-,228
GEVP,11,Pase,35,20,14,67,47,54,229
GEVP,5,Pase,35,22,42,48,2,64,230
GEVP,12,Pase,35,23,3,66,24,77,231
GEVP,5,Errado,35,26,28,84,-,-,232
GEVP,11,reb_of,35,27,11,42,-,-,233
GEVP,11,Gol,35,28,9,37,-,-,234
SITAS,4,Pase,35,31,14,39,33,32,235
SITAS,11,Pase,35,33,34,34,50,57,236
SITAS,10,Pase,35,35,55,51,78,85,237
SITAS,6,Pase,35,37,80,88,73,54,238
SITAS,15,Pase,35,38,70,68,59,31,239
SITAS,10,Perdida,35,42,60,36,-,-,240
SITAS,6,Pase,35,48,65,41,23,48,241
GEVP,5,Pase,35,50,24,48,9,26,242
GEVP,8,Pase,35,52,9,26,31,36,243
GEVP,5,Errado,35,54,31,34,-,-,244
SITAS,4,reb_def,35,55,11,58,-,-,245
SITAS,4,Pase,35,55,11,56,23,78,246
SITAS,2     ,Pase,35,57,20,91,38,57,247
SITAS,10,Pase,35,59,41,53,65,89,248
SITAS,2     ,Errado,36,1,71,81,-,-,249
GEVP,12,reb_def,36,5,85,45,-,-,250
GEVP,12,Pase,36,5,85,40,70,9,251
GEVP,5,Pase,36,7,72,9,32,15,252
GEVP,2,Pase,36,9,26,10,55,10,253
GEVP,5,Pase,36,11,56,11,69,23,254
GEVP,12,Pase,36,14,70,19,77,79,255
GEVP,6,Pase,36,14,74,79,59,95,256
GEVP,8,Pase,36,15,58,94,68,69,257
GEVP,6,Pase,36,16,74,71,37,91,258
GEVP,8,Pase,36,18,40,84,24,46,259
GEVP,5,Pase,36,19,25,49,31,91,260
GEVP,2,Pase,36,22,31,89,12,94,261
GEVP,8,Pase,36,25,20,92,40,13,262
GEVP,12,Pase,36,26,39,12,36,50,263
GEVP,11,Errado,36,29,39,34,-,-,264
GEVP,2,reb_of,36,31,11,53,-,-,265
GEVP,2,Gol,36,31,12,54,-,-,266
SITAS,4,minuto,36,35,1,10,-,-,267
SITAS,6,sub_out,36,44,1,8,-,-,268
SITAS,7,sub_in,36,48,1,9,-,-,269
SITAS,2     ,Pase,37,56,6,71,24,16,270
SITAS,4,Pase,37,58,25,13,28,72,271
SITAS,2     ,Pase,38,0,27,76,38,17,272
SITAS,4,Pase,38,2,33,17,58,12,273
SITAS,11,Pase,38,3,58,8,65,69,274
SITAS,7,Pase,38,6,62,72,79,85,275
SITAS,15,Pase,38,8,77,82,69,59,276
SITAS,11,Pase,38,14,71,59,87,61,277
SITAS,7,Pase,38,14,89,59,83,24,278
SITAS,15,Gol,38,16,83,20,-,-,279
GEVP,12,Pase,38,19,92,44,80,95,280
GEVP,5,Pase,38,21,75,91,31,91,281
GEVP,2,Pase,38,23,34,93,52,7,282
GEVP,6,Pase,38,25,56,7,35,4,283
GEVP,5,Pase,38,27,39,8,13,13,284
GEVP,11,Pase,38,30,13,10,21,78,285
GEVP,2,Gol,38,32,23,79,-,-,286
GEVP,4,Pase,38,37,9,41,56,15,287
SITAS,7,Pase,38,39,58,21,80,29,288
SITAS,10,Pase,38,41,80,27,76,44,289
SITAS,11,Errado,38,43,76,37,-,-,290
GEVP,2,reb_def,38,43,86,64,-,-,291
GEVP,2,Pase,38,44,88,58,63,90,292
GEVP,12,Pase,38,46,60,82,63,19,293
GEVP,6,Pase,38,47,64,21,41,7,294
GEVP,11,Pase,38,50,42,9,46,50,295
GEVP,8,Pase,38,52,45,51,37,15,296
GEVP,11,Pase,38,54,41,15,46,49,297
GEVP,5,Pase,38,56,47,47,21,61,298
GEVP,2,Gol,38,58,25,59,-,-,299
SITAS,4,Pase,39,2,10,58,20,93,300
SITAS,2     ,Pase,39,4,24,97,25,50,301
SITAS,4,Pase,39,7,23,53,44,12,302
SITAS,7,Pase,39,9,46,10,29,30,303
SITAS,10,Pase,39,11,32,29,63,30,304
SITAS,11,Pase,39,13,64,31,87,87,305
SITAS,2     ,Pase,39,13,89,88,84,61,306
SITAS,7,Perdida,39,17,84,61,-,-,307
GEVP,12,Recupero,39,17,85,61,-,-,308
GEVP,12,Pase,39,18,91,84,67,21,309
GEVP,5,Pase,39,18,68,19,55,89,310
GEVP,8,Pase,39,20,47,85,32,25,311
GEVP,5,Errado,39,22,18,38,-,-,312
GEVP,5,Foul,39,24,16,40,-,-,313
SITAS,4,Pase,39,30,24,40,56,7,314
SITAS,15,Pase,39,32,55,8,81,17,315
SITAS,11,Pase,39,33,80,12,88,60,316
SITAS,7,Pase,39,36,97,56,62,74,317
SITAS,15,Pase,39,39,61,69,77,92,318
SITAS,10,Pase,39,39,78,92,85,65,319
SITAS,7,Errado,39,41,81,61,-,-,320
GEVP,2,reb_def,39,41,87,43,-,-,321
GEVP,2,Pase,39,43,87,39,75,15,322
GEVP,6,Pase,39,45,73,7,72,48,323
GEVP,2,Pase,39,46,71,37,33,88,324
GEVP,8,Pase,39,49,32,81,55,48,325
GEVP,2,Pase,39,51,57,46,19,92,326
GEVP,11,Pase,39,53,19,93,43,95,327
GEVP,8,Pase,39,54,43,93,21,95,328
GEVP,11,Pase,39,56,24,94,9,44,329
GEVP,2,Gol,39,58,8,46,-,-,330
SITAS,4,Pase,40,3,10,42,27,19,331
SITAS,11,Pase,40,4,23,13,50,4,332
SITAS,7,Pase,40,7,48,5,57,33,333
SITAS,11,Pase,40,9,57,29,89,64,334
SITAS,2     ,Gol,40,11,89,54,-,-,335
GEVP,11,Pase,40,16,90,51,74,69,336
GEVP,6,Pase,40,17,75,79,79,44,337
GEVP,11,Pase,40,19,74,44,71,8,338
GEVP,12,Pase,40,20,71,8,55,29,339
GEVP,11,Pase,40,21,47,13,32,88,340
GEVP,8,Pase,40,23,35,86,48,50,341
GEVP,11,Pase,40,24,48,40,37,9,342
GEVP,2,Pase,40,26,44,10,8,48,343
GEVP,8,Pase,40,28,8,44,11,65,344
GEVP,11,Gol,40,30,7,67,-,-,345
SITAS,4,Pase,40,33,13,57,16,93,346
SITAS,2     ,Pase,40,35,17,95,29,58,347
SITAS,4,Pase,40,36,27,60,58,64,348
SITAS,10,Pase,40,37,59,67,60,10,349
GEVP,12,Foul,40,42,79,50,-,-,350
SITAS,10,Pase,40,53,79,51,94,47,351
SITAS,7,Errado,40,55,94,47,-,-,352
GEVP,8,reb_def,40,57,72,49,-,-,353
GEVP,8,Pase,40,57,69,52,75,20,354
GEVP,12,Pase,40,59,76,12,57,31,355
GEVP,8,Pase,41,2,54,26,21,37,356
GEVP,2,Gol,41,4,20,45,-,-,357
SITAS,4,Pase,41,7,14,63,30,14,358
SITAS,2,Pase,41,10,29,9,64,46,359
SITAS,11,Pase,41,11,67,32,58,86,360
SITAS,10,Gol,41,13,65,83,-,-,361
GEVP,8,Pase,41,15,87,48,66,15,362
GEVP,12,Pase,41,17,69,18,74,63,363
GEVP,8,Pase,41,20,75,61,70,14,364
GEVP,12,Pase,41,22,70,13,52,7,365
GEVP,11,Pase,41,25,54,9,69,84,366
GEVP,6,Pase,41,27,73,86,39,91,367
GEVP,8,Pase,41,28,31,93,63,90,368
GEVP,6,Pase,41,30,53,93,43,46,369
GEVP,11,Pase,41,32,50,49,23,10,370
GEVP,5,Pase,41,34,25,16,3,15,371
SITAS,10,Foul,41,36,19,35,-,-,372
GEVP,5,Pase,41,41,2,26,2,53,373
GEVP,8,Errado,41,44,10,49,-,-,374
SITAS,2,reb_def,41,47,11,49,-,-,375
SITAS,2,Pase,41,49,12,48,22,81,376
SITAS,4,Pase,41,51,23,82,34,53,377
SITAS,2,Pase,41,54,31,51,51,85,378
SITAS,11,Pase,41,55,59,78,45,24,379
SITAS,15,Pase,41,57,46,26,64,86,380
SITAS,2,Gol,41,58,72,80,-,-,381
GEVP,12,Pase,42,1,85,50,75,66,382
GEVP,6,Pase,42,3,76,59,72,90,383
GEVP,11,Pase,42,6,57,89,28,92,384
GEVP,8,Pase,42,7,26,97,43,87,385
GEVP,11,Pase,42,9,38,90,32,9,386
GEVP,5,Pase,42,11,32,10,9,21,387
GEVP,8,Perdida,42,15,8,14,-,-,388
SITAS,4,Pase,42,18,9,16,19,7,389
SITAS,7,Pase,42,19,19,7,46,18,390
SITAS,11,Pase,42,21,52,19,79,21,391
SITAS,15,Perdida,42,23,80,20,-,-,392
GEVP,2,Recupero,42,23,80,21,-,-,393
GEVP,2,Pase,42,24,82,13,34,13,394
GEVP,8,Pase,42,25,31,12,21,47,395
GEVP,5,Errado,42,28,20,46,-,-,396
SITAS,11,reb_def,42,29,18,46,-,-,397
SITAS,11,Pase,42,30,18,43,25,78,398
SITAS,2,Pase,42,31,24,76,57,94,399
SITAS,10,Pase,42,33,57,92,74,71,400
SITAS,15,Pase,42,34,73,72,57,94,401
SITAS,7,Pase,42,36,61,91,51,51,402
SITAS,15,Pase,42,37,52,49,62,20,403
SITAS,11,Pase,42,41,61,22,61,87,404
SITAS,7,Pase,42,43,59,93,70,16,405
SITAS,15,Pase,42,44,73,19,54,21,406
SITAS,10,Pase,42,46,55,20,56,56,407
SITAS,7,Pase,42,48,56,54,86,36,408
SITAS,11,Gol,42,50,86,41,-,-,409
GEVP,12,Pase,42,53,86,40,69,7,410
GEVP,8,Pase,42,56,70,6,72,51,411
GEVP,12,Pase,42,57,72,50,81,88,412
GEVP,6,Pase,42,59,81,89,67,97,413
GEVP,11,Pase,43,1,69,94,25,96,414
GEVP,2,Pase,43,4,26,97,7,27,415
GEVP,8,Pase,43,4,11,22,10,51,416
GEVP,11,Errado,43,7,10,46,-,-,417
GEVP,2,reb_of,43,7,17,49,-,-,418
GEVP,2,Gol,43,9,29,45,-,-,419
SITAS,2,Pase,43,12,13,52,14,82,420
SITAS,15,Pase,43,15,14,85,19,62,421
SITAS,4,sub_out,43,13,1,13,-,-,422
SITAS,9,sub_in,43,13,1,14,-,-,423
SITAS,2,Pase,43,16,20,64,25,20,424
SITAS,9,Pase,43,18,25,15,54,8,425
SITAS,10,Pase,43,22,55,6,53,48,426
SITAS,-,Zona,43,21,50,49,-,-,427
SITAS,15,Foul,43,33,28,49,-,-,428
GEVP,8,Pase,43,37,30,50,19,63,429
GEVP,5,Pase,43,38,21,72,37,48,430
GEVP,8,Gol,43,40,37,48,-,-,431
SITAS,2,Pase,43,45,11,54,17,91,432
SITAS,15,Pase,43,47,18,94,44,50,433
SITAS,11,Pase,43,49,49,54,73,82,434
SITAS,7,Pase,43,49,74,82,62,59,435
SITAS,11,Errado,43,52,66,62,-,-,436
SITAS,7,reb_of,43,52,80,36,-,-,437
SITAS,7,Pase,43,54,80,22,65,33,438
SITAS,11,Pase,43,56,66,34,81,40,439
SITAS,10,Errado,43,57,79,27,-,-,440
GEVP,5,reb_def,44,1,83,62,-,-,441
GEVP,5,Pase,44,1,85,64,65,52,442
GEVP,6,Pase,44,1,66,53,47,94,443
GEVP,8,Pase,44,4,45,94,49,53,444
GEVP,5,Pase,44,7,46,48,25,7,445
GEVP,12,Pase,44,8,24,7,4,12,446
GEVP,2,Pase,44,12,8,12,14,77,447
GEVP,12,Pase,44,13,14,72,14,53,448
GEVP,2,Pase,44,14,12,54,2,36,449
GEVP,5,Errado,44,17,4,41,-,-,450
SITAS,10,reb_def,44,18,17,38,-,-,451
SITAS,10,Pase,44,19,21,36,30,64,452
SITAS,9,Pase,44,20,30,64,35,35,453
SITAS,10,Pase,44,22,42,30,54,6,454
SITAS,7,Pase,44,23,56,9,76,35,455
SITAS,11,Gol,44,25,84,36,-,-,456
GEVP,12,Pase,44,29,86,48,80,94,457
GEVP,6,Pase,44,31,79,94,81,79,458
GEVP,8,Pase,44,33,86,79,71,18,459
GEVP,12,Pase,44,36,71,21,84,95,460
GEVP,6,Pase,44,39,80,96,68,71,461
GEVP,8,Pase,44,40,70,71,55,8,462
GEVP,12,sub_out,44,40,99,16,-,-,463
GEVP,10,sub_in,44,43,99,14,-,-,464
GEVP,2,Pase,44,41,54,7,69,18,465
GEVP,10,Pase,44,44,70,22,50,22,466
GEVP,8,Pase,44,46,49,22,9,28,467
SITAS,15,Foul,44,50,9,30,-,-,468
GEVP,11,Gol,44,50,9,30,-,-,469
SITAS,7,Pase,44,53,9,59,20,84,470
SITAS,9,Pase,44,55,21,91,24,55,471
SITAS,7,Pase,44,57,26,59,37,11,472
SITAS,2,Pase,44,58,36,10,60,47,473
SITAS,11,Pase,45,0,56,46,87,24,474
SITAS,10,Gol,45,2,86,23,-,-,475
GEVP,10,Pase,45,4,86,42,84,87,476
GEVP,5,Pase,45,5,86,93,57,94,477
GEVP,8,Pase,45,8,58,94,35,93,478
GEVP,11,Pase,45,11,36,92,66,74,479
GEVP,10,Pase,45,12,67,77,57,6,480
GEVP,6,Pase,45,15,59,9,40,8,481
GEVP,8,Pase,45,16,39,8,14,22,482
SITAS,9,Foul,45,21,14,22,-,-,483
GEVP,8,Pase,45,25,15,21,33,21,484
GEVP,2,Pase,45,27,31,15,27,42,485
GEVP,11,Gol,45,29,27,37,-,-,486
SITAS,15,Pase,45,32,11,50,17,85,487
SITAS,7,Pase,45,34,18,85,58,91,488
GEVP,6,Foul,45,38,78,52,-,-,489
SITAS,10,Pase,45,44,76,49,89,61,490
SITAS,11,Perdida,45,44,89,62,-,-,491
GEVP,6,Pase,45,47,79,52,68,17,492
GEVP,5,Pase,45,49,68,15,70,46,493
GEVP,10,Pase,45,50,70,44,63,11,494
GEVP,5,Pase,45,53,62,12,42,80,495
GEVP,6,Pase,45,54,42,82,13,59,496
GEVP,2,Pase,45,58,8,74,24,92,497
GEVP,8,Pase,46,0,24,94,10,94,498
GEVP,6,Pase,46,1,10,96,42,75,499
GEVP,11,Pase,46,3,44,78,41,10,500
GEVP,10,Pase,46,4,41,10,14,8,501
GEVP,8,Pase,46,6,14,7,9,37,502
GEVP,2,Pase,46,7,9,39,27,15,503
GEVP,6,Errado,46,9,26,18,-,-,504
SITAS,2,reb_def,46,10,13,43,-,-,505
SITAS,2,Pase,46,11,10,37,28,61,506
SITAS,9,Pase,46,13,28,63,47,16,507
GEVP,5,Foul,46,16,82,41,-,-,508
SITAS,11,Pase,46,18,81,40,90,35,509
SITAS,10,Pase,46,18,91,33,89,61,510
SITAS,11,Gol,46,18,86,56,-,-,511
GEVP,5,Pase,46,22,87,46,73,48,512
GEVP,6,Pase,46,24,74,48,81,87,513
GEVP,5,Pase,46,26,83,93,63,49,514
GEVP,6,Pase,46,28,62,48,27,8,515
GEVP,2,Pase,46,31,28,8,36,72,516
GEVP,5,Pase,46,33,38,67,16,89,517
SITAS,2,Perdida,46,39,39,86,-,-,518
SITAS,10,Pase,46,46,65,76,54,47,519
SITAS,7,Pase,46,48,54,47,81,51,520
SITAS,7,Gol,46,50,78,45,-,-,521
GEVP,6,Pase,46,52,85,46,69,78,522
GEVP,2,Pase,46,53,70,74,33,93,523
GEVP,5,Pase,46,55,35,96,11,60,524
GEVP,8,Pase,46,59,17,84,17,57,525
GEVP,5,Pase,47,1,15,59,38,89,526
GEVP,2,Pase,47,3,39,92,19,48,527
GEVP,11,Gol,47,5,25,49,-,-,528
SITAS,9,Pase,47,7,12,49,22,19,529
SITAS,2,Pase,47,10,23,19,53,27,530
SITAS,11,Pase,47,13,53,27,55,69,531
SITAS,7,Pase,47,14,55,69,57,22,532
SITAS,10,Pase,47,16,57,24,78,44,533
SITAS,11,Gol,47,18,79,53,-,-,534
GEVP,6,Pase,47,21,86,52,35,87,535
GEVP,8,Pase,47,21,32,70,12,82,536
GEVP,2,Pase,47,24,18,84,-,-,537
SITAS,7,Pase,47,26,14,51,19,90,538
SITAS,2,Pase,47,29,22,93,43,49,539
SITAS,9,Pase,47,31,43,50,74,70,540
SITAS,10,Perdida,47,33,75,73,-,-,541
GEVP,5,Recupero,47,35,76,71,-,-,542
GEVP,5,Pase,47,34,77,71,63,49,543
GEVP,2,Pase,47,35,66,48,59,92,544
GEVP,6,Pase,47,37,59,91,73,83,545
GEVP,5,Pase,47,39,75,85,63,9,546
GEVP,10,Pase,47,40,65,12,35,9,547
GEVP,2,Pase,47,41,37,12,12,20,548
GEVP,11,Pase,47,42,11,21,17,40,549
GEVP,2,Pase,47,44,19,35,7,67,550
GEVP,5,Gol,47,46,12,75,-,-,551
SITAS,9,Pase,47,51,11,49,23,91,552
SITAS,7,Pase,47,53,22,90,50,50,553
SITAS,11,Pase,47,55,51,48,81,80,554
SITAS,-,Zona,48,0,51,50,-,-,555
SITAS,15,sub_out,48,1,1,8,-,-,556
SITAS,1,sub_in,48,1,0,10,-,-,557
GEVP,6,Pase,48,10,51,49,34,12,558
GEVP,5,Pase,48,12,34,14,16,8,559
GEVP,2,Gol,48,14,18,8,-,-,560
SITAS,1,Pase,48,18,13,78,31,79,561
SITAS,10,Pase,48,20,32,83,57,96,562
GEVP,10,Foul,48,28,72,44,-,-,563
SITAS,10,Pase,48,39,72,41,85,67,564
SITAS,11,Foul,48,39,84,66,-,-,565
GEVP,6,Pase,48,54,89,58,68,44,566
GEVP,5,Pase,48,55,68,44,73,87,567
GEVP,6,Pase,48,57,74,92,33,74,568
GEVP,8,Pase,48,58,33,77,8,61,569
SITAS,2,Pase,49,4,7,76,32,11,570
SITAS,7,Pase,49,6,34,17,64,11,571
SITAS,1,Pase,49,8,64,10,44,15,572
SITAS,7,Pase,49,10,41,8,66,87,573
SITAS,2,Perdida,49,12,77,82,-,-,574
GEVP,5,Recupero,49,12,79,79,-,-,575
GEVP,5,Pase,49,13,80,74,71,96,576
GEVP,6,Pase,49,14,72,98,53,70,577
GEVP,5,Pase,49,16,48,79,30,37,578
GEVP,2,Gol,49,19,30,43,-,-,579
SITAS,-,Zona,49,23,52,49,-,-,580
GEVP,6,Pase,49,24,52,49,21,89,581
GEVP,5,Pase,49,27,21,89,10,67,582
GEVP,8,Pase,49,29,7,76,30,92,583
GEVP,5,Pase,49,30,31,90,44,60,584
GEVP,2,Pase,49,32,46,61,23,42,585
GEVP,8,Errado,49,33,13,40,-,-,586
GEVP,5,Foul,49,37,10,57,-,-,587
SITAS,11,Pase,49,41,12,52,31,29,588
SITAS,7,Pase,49,42,33,34,42,8,589
SITAS,9,Pase,49,45,41,9,50,26,590
SITAS,7,Pase,49,46,52,22,76,42,591
SITAS,10,Perdida,49,51,79,42,-,-,592
GEVP,6,Pase,49,54,80,43,65,6,593
GEVP,10,Pase,49,55,69,6,76,27,594
GEVP,6,Pase,49,57,75,23,44,93,595
GEVP,11,Pase,49,59,40,90,19,31,596
GEVP,2,Pase,50,3,17,7,4,48,597
GEVP,8,Pase,50,4,3,49,13,86,598
GEVP,5,Pase,50,6,13,87,35,94,599
GEVP,11,Pase,50,9,35,92,43,39,600
GEVP,2,Pase,50,11,44,36,24,11,601
GEVP,5,Pase,50,13,23,3,46,32,602
GEVP,8,Pase,50,15,45,39,43,8,603
GEVP,5,Pase,50,16,46,7,10,14,604
GEVP,2,Pase,50,20,19,18,13,90,605
GEVP,11,Gol,50,21,14,93,-,-,606
SITAS,7,Pase,50,26,10,54,29,70,607
SITAS,9,Pase,50,26,30,76,21,46,608
SITAS,7,Pase,50,28,24,44,45,39,609
SITAS,11,Perdida,50,30,50,36,-,-,610
GEVP,6,Recupero,50,31,74,44,-,-,611
GEVP,6,Pase,50,31,77,40,58,69,612
GEVP,8,Pase,50,37,58,69,12,51,613
GEVP,11,Perdida,50,40,10,52,-,-,614
SITAS,2,Pase,50,41,10,41,26,93,615
SITAS,7,Pase,50,42,28,96,42,70,616
SITAS,10,Pase,50,44,42,61,42,92,617
SITAS,7,Pase,50,47,42,92,64,28,618
SITAS,11,Pase,50,49,67,33,58,5,619
SITAS,10,Errado,50,52,62,12,-,-,620
GEVP,6,reb_def,50,52,82,65,-,-,621
GEVP,6,Pase,50,53,81,64,75,95,622
GEVP,8,Pase,50,55,77,92,22,93,623
GEVP,11,Pase,51,0,27,95,68,69,624
GEVP,6,Pase,51,3,69,70,57,44,625
GEVP,5,Pase,51,1,59,48,46,7,626
GEVP,10,Pase,51,2,47,7,28,8,627
GEVP,8,Pase,51,4,26,7,44,21,628
GEVP,5,Pase,51,5,45,21,11,64,629
GEVP,11,Gol,51,7,9,71,-,-,630
SITAS,7,Pase,51,11,12,48,31,17,631
SITAS,10,Pase,51,11,30,22,56,10,632
SITAS,1,Pase,51,15,56,9,74,26,633
SITAS,11,Pase,51,17,75,28,82,82,634
SITAS,10,Gol,51,19,82,83,-,-,635
GEVP,10,Pase,51,24,86,45,71,69,636
GEVP,5,Pase,51,25,70,68,28,12,637
GEVP,2,Pase,51,27,29,11,48,6,638
GEVP,5,Pase,51,30,47,7,46,56,639
GEVP,8,Pase,51,34,47,55,26,92,640
GEVP,8,Foul,51,35,28,65,-,-,641
SITAS,2,Pase,51,41,28,55,54,8,642
SITAS,7,Pase,51,43,56,13,75,8,643
SITAS,11,Pase,51,44,76,6,58,19,644
SITAS,11,Foul,51,53,85,27,-,-,645
GEVP,6,Pase,51,54,87,28,73,9,646
GEVP,5,Pase,51,56,73,8,74,30,647
GEVP,11,Perdida,52,48,3,58,-,-,648
SITAS,9,Pase,52,52,42,4,53,23,649
SITAS,10,Pase,52,55,53,35,57,77,650
SITAS,7,Pase,52,56,55,64,71,93,651
SITAS,1,Pase,52,56,68,94,86,80,652
SITAS,11,Pase,52,59,87,79,94,58,653
SITAS,7,Pase,53,0,94,59,88,50,654
SITAS,1,Errado,53,3,94,43,-,-,655
GEVP,10,reb_def,53,3,88,49,-,-,656
GEVP,10,Pase,53,4,88,49,86,23,657
GEVP,8,Pase,53,5,87,26,72,19,658
GEVP,6,Pase,53,7,72,18,76,92,659
GEVP,5,Pase,53,9,77,92,72,60,660
GEVP,10,Pase,53,12,72,60,57,22,661
GEVP,6,Pase,53,13,58,23,43,8,662
GEVP,8,Pase,53,15,42,9,64,9,663
GEVP,6,Pase,53,17,65,12,49,34,664
GEVP,11,Perdida,53,19,48,35,-,-,665
SITAS,2,Pase,53,23,21,52,46,65,666
SITAS,11,Pase,53,26,56,61,42,22,667
SITAS,9,Pase,53,26,42,26,57,6,668
SITAS,1,Pase,53,28,57,8,60,67,669
SITAS,7,Pase,53,29,60,69,77,47,670
SITAS,10,Perdida,53,36,77,50,-,-,671
GEVP,6,Pase,53,39,77,50,78,91,672
GEVP,5,Pase,53,41,77,93,70,47,673
GEVP,6,Pase,53,43,70,49,39,91,674
GEVP,5,Pase,53,44,37,96,47,57,675
GEVP,8,Pase,53,46,47,49,38,93,676
GEVP,2,Pase,53,47,37,93,15,87,677
SITAS,1,Foul,53,50,14,86,-,-,678
GEVP,5,Pase,53,52,13,91,36,87,679
GEVP,11,Pase,53,53,36,86,20,75,680
GEVP,8,Pase,53,55,22,64,41,43,681
GEVP,2,Pase,53,56,43,39,34,85,682
GEVP,11,Pase,53,57,34,89,20,58,683
GEVP,5,Pase,53,59,19,68,27,33,684
GEVP,11,Gol,54,0,27,29,-,-,685
SITAS,9,Pase,54,3,10,40,27,91,686
SITAS,2,Errado,54,6,44,94,-,-,687
